boites_neg,rem_neg,bse_neg,pct_boites_neg,pct_rem_neg,pct_bse_neg
24,55,24,0.0012520312903486646,0.0028692383737156896,0.0012520312903486646
