boites_neg,rem_neg,bse_neg,pct_boites_neg,pct_rem_neg,pct_bse_neg
73,134,74,0.003896465052177937,0.007152415301258131,0.003949841285769416
