boites_neg,rem_neg,bse_neg,pct_boites_neg,pct_rem_neg,pct_bse_neg
147,230,154,0.00598016537801561,0.009356721339752315,0.0062649351579211155
