top_10,top_20,top_50,top_100
15.495659941805041,22.3363348240515,33.94609724587161,45.36930549461185
