type_medicament,nb_medicaments,remboursement_total,base_remboursement_totale,boites_delivrees,part_remboursement,part_boites
Générique,7680,3680053799.71,4757545896.71,986016108,16.224312196565613,41.64776587327048
Inconnu,1263,3168216017.67,3567433907.18,229837092,13.967764759550139,9.70795641059581
Non générique,3775,15834071074.02,17758004358.67,1151659408,69.80792304388424,48.64427771613371
