type_medicament,nb_medicaments,remboursement_total,base_remboursement_totale,boites_delivrees,part_remboursement,part_boites
Générique,7671,4277309380.43,5450029311.76,1061662804,16.431056756482366,44.83441702082005
Inconnu,1240,3216578591.45,3568741680.07,212367679,12.3563157810408,8.968366458875815
Non générique,3735,18537970135.74,20700899492.88,1093933404,71.21262746247682,46.19721652030414
