tranche_age,nb_medicaments,remboursement_total,base_remboursement_totale,boites_delivrees,part_remboursement,part_boites
60 ANS ET +,12090,13045925002.58,14596653323.34,1314640998,57.51577875071243,55.528363124983194
20 - 59 ANS,11915,8085518693.41,9471476980.5,863693741,35.64675591519577,36.48106194161396
0-19 ANS,7087,1513291290.14,1975923686.43,188018689,6.671671576516001,7.941612997737413
Inconnu,3996,37605905.269999996,38930172.29,1159180,0.16579375757578116,0.04896193566543405
