cip13,lib_cip13,remboursement_total,boites_delivrees,cout_moyen_boite
3400930082157,AMOXICILLINE ALM 1G CPR DISP 6,1.6,107,0.014953271028037384
3400949761005,OMEPRAZOLE TVS 20MG GELULE 7,6.95,10,0.6950000000000001
3400939307510,PANTOPRAZOLE MYP 40MG CPR 7,7.25,10,0.725
3400930204108,DICLOFENAC EG 1% GEL 50G 1,7.48,12,0.6233333333333334
3400936285552,TUSSIDANE 3MG/ML SOL BUV FL 1,8.3,12,0.6916666666666668
3400936284432,OMEPRAZOLE BGA 20MG GELULE 7,9.29,12,0.7741666666666666
3400934545467,TELFAST 180MG CPR 15,9.68,15,0.6453333333333333
3400941941429,DESLORATADINE ARW 5 MG CPR 15,10.639999999999999,17,0.6258823529411764
3400939030333,PANTOPRAZOLE EG 40MG CPR 7,11.27,12,0.9391666666666666
3400949759804,OMEPRAZOLE TVS 10MG GELULE 14,12.29,10,1.2289999999999999
3400937422970,STERIDOSE SOL LAVAGE OPHT UNIDOSE 20,12.53,18,0.6961111111111111
3400933107703,MESOCAINE 25 MG SOL INJ 1,12.850000000000001,15,0.8566666666666668
3400931112891,VALIUM ROCHE 5MG CPR 40,12.860000000000001,15,0.8573333333333334
3400949762415,OMEPRAZOLE ALM 10MG GELULE 14,12.950000000000001,11,1.1772727272727275
3400935506528,IBUPROFENE ZYD 200MG CPR ENR 30,13.07,15,0.8713333333333334
3400930072110,NA,13.129999999999999,14,0.9378571428571428
3400933024116,GYNO PEVARYL LP 150MG OVULE 1,13.29,16,0.830625
3400930110041,"BETNEVAL 0,1% CREME TUBE 10G 1",13.6,12,1.1333333333333333
3400936568242,ECONAZOLE SDZ 1% CREME TUBE 30G 1,13.76,15,0.9173333333333333
3400938980592,IBUPROFENE CRT 200MG CPR ENR 30,14,15,0.9333333333333333
3400930151402,MOMETASONE CRT 50 MICROG SUSP NAS120 1,14.719999999999999,12,1.2266666666666666
3400933315139,"PHYLARM 0,9 P. 100 (CHLORURE DE SODIUM) 1 BOITE DE",15.47,20,0.7735000000000001
3400927818004,OMEPRAZOLE ZTL 20MG GELULE 14,15.7,12,1.3083333333333333
3400930294604,NA,17.25,19,0.9078947368421053
3400934734953,FRAKIDEX COLLYRE FL 5ML 1,17.44,29,0.6013793103448276
3400930176870,TRAMADOL ALM 50MG GELULE 30,17.610000000000003,9,1.956666666666667
3400933194758,"GEL LARMES 0,3% GEL OPH TUBE 5G 1",17.759999999999998,13,1.366153846153846
3400930191088,PARACETAMOL ARL 500MG PDR ORALE SACH 12,18.1,24,0.7541666666666668
3400927838743,DEXATOPIA CREME TUBE 250G 1,18.45,15,1.23
3400949941155,RABEPRAZOLE BIOGARAN 20MG CPR 14,18.62,13,1.4323076923076923
3400933413224,FONX 1% PDR FL 1,19.110000000000003,17,1.1241176470588237
3400932317929,PRIMPERAN 10 MG SUPPO 10,19.16,26,0.7369230769230769
3400936732315,"AMOX/AC CLAV SUN 500MG/62,5 AD CPR 16",19.54,89,0.21955056179775279
3400934300141,ASPIRINE PROTECT 300MG CPR 30,19.62,13,1.5092307692307694
3400932681051,OMNIPAQUE 180MG SOL INJ FV 10ML 1,19.64,12,1.6366666666666667
3400922094489,DESLORATADINE ACT 5MG CPR 30,19.72,12,1.6433333333333333
3400938942224,KETOCONAZOLE ZEN 2% GEL UNIDOSE 1,19.75,21,0.9404761904761905
3400933661090,CROMEDIL 2% COLLYRE FL 5ML 1,20.71,21,0.9861904761904763
3400937663984,IBUPROFENE ALM 400MG CPR PELL 20,20.77,19,1.093157894736842
3400921847543,RABEPRAZOLE ARG 10MG CPR 14,21.57,13,1.6592307692307693
3400938112887,LANSOPRAZOLE SDZ 15MG GELULE 15,21.57,14,1.5407142857142857
3400937667777,"TIMOLOL SANDOZ 0,25 P. 100 1 FLACON DE 3 ML, COLLY",22.130000000000003,14,1.580714285714286
3400930095591,CHOLECALCIFEROL STP 2.5MG/2ML BUV 1,23.919999999999998,24,0.9966666666666666
3400933053901,MICROPAQUE SCANNER SUSP BUV 1,24.479999999999997,10,2.4479999999999995
3400935284921,"ZOPICLONE ALT 7,5MG CPR 5",24.6,41,0.6000000000000001
3400937667838,"TIMOLOL SDZ 0,50% COLLYRE 3ML 1",25.479999999999997,17,1.4988235294117644
3400938341027,BETAHISTINE EG 24MG CPR 60,25.650000000000002,10,2.5650000000000004
3400930975206,SOLUPRED 5MG CPR EFF 30,25.71,16,1.606875
3400930118993,"ALPRAZOLAM ARL 0,25MG CPR 30",26.2,29,0.903448275862069
3400922099682,DESLORATADINE SUN 5MG CPR 30,26.3,26,1.0115384615384615
3400938551853,AMOXICILLINE SUN 500MG GELULE 12,26.57,27,0.9840740740740741
3400930267424,NA,26.82,24,1.1175
3400930006238,HYDROXYZINE CRT 25MG CPR 30,26.97,20,1.3485
3400936578067,"VENTOLINE 1,25MG/2,5ML SOL INHAL 20",27.1,14,1.9357142857142857
3400931994046,COLPOTROPHINE 1% CREME VAGINALE 1,27.439999999999998,27,1.0162962962962963
3400939674933,"KETOPROFENE EG 150 MG 1 BOITE DE 20, COMPRIMES SEC",27.85,12,2.3208333333333333
3400930186176,ALLOPURINOL ARL 100MG CPR 30,28.110000000000003,26,1.0811538461538464
3400935770424,PIRACETAM ARW 1000 MG/5 ML SOL BUV 1,28.3,23,1.2304347826086957
3400936595736,IBUPROFENE SDZ 400MG CPR ENR 30,28.56,21,1.3599999999999999
3400930267813,CONTRAMAL LP 100MG CPR 10,28.64,18,1.5911111111111111
3400938201529,TAMIFLU 30 MG GELULE 10,28.69,17,1.6876470588235295
3400938980363,DICLOFENAC ZEN 1% GEL TUBE 50G 1,29.259999999999998,33,0.8866666666666666
3400939307688,PANTOPRAZOLE MYP 40MG CPR 14,29.479999999999997,17,1.7341176470588233
3400934433993,AMODEX 1 G CPR DISP 14,29.650000000000002,13,2.280769230769231
3400930282281,NA,31.62,25,1.2648000000000001
3400934595325,DILTIAZEM VIATRIS LP 90MG GELULE 30,31.79,13,2.4453846153846155
3400934104831,"DEBRIDAT 4,8MG/ML ENF NR ORAL 125ML 1",31.91,57,0.5598245614035088
3400939285306,"ROPINIROLE ARG 0,25MG CPR 21",32.1,20,1.605
3400922179339,LEVOCETIRIZINE KRKA 5MG CPR 14,32.129999999999995,44,0.7302272727272726
3400926955786,LANSOPRAZOLE ZYF 30MG GELULE 7,32.45,37,0.8770270270270271
3400932989164,CLARITYNE 10MG CPR 15,32.83,22,1.4922727272727272
3400949243624,"ADAPALENE ZEN 0,1% GEL 1",33.25,30,1.1083333333333334
3400935746061,ALLOPURINOL ARW 100MG CPR 30,33.27,32,1.0396875
3400930294109,NA,33.290000000000006,27,1.2329629629629633
3400922315317,CANDESARTAN CRT16 MG CPR 30,33.379999999999995,11,3.034545454545454
3400926885328,PARACETAMOL TVS 1000MG CPR EFF 8,33.78,37,0.912972972972973
3400937039895,"ENALAPRIL HCTZ ZEN 20/12,5MG CPR 28",33.91,11,3.0827272727272725
3400935644183,ATENOLOL BGA 50 MG CPR 28,34.06,14,2.432857142857143
3400949815036,AMOROLFINE EG 5% VERNIS MED 1,34.25,12,2.8541666666666665
3400927932526,LANSOPRAZOLE EG 15MG CPR OROD 14,34.949999999999996,19,1.8394736842105261
3400930476574,HELICIDINE 10% SIROP FL 125ML 1,35.11,83,0.42301204819277105
3400927897306,HYDROXYZINE SDZ 25MG CPR 30,35.49,30,1.183
3400930177761,"SILODOSINE RCD 8 MG, GELULE 30",35.56,20,1.778
3400935684455,AMOXICILLINE MYL 1G CPR DISP 3,35.77,40,0.8942500000000001
3400930307908,NA,36,11,3.272727272727273
3400930076576,AMOXICILLINE EGL 500MG GELULE 12,36.17,31,1.166774193548387
3400930029336,ALOPLASTINE PATE 90G 1,36.18,41,0.8824390243902439
3400949761173,OMEPRAZOLE TVS 20MG GELULE 14,36.19,26,1.3919230769230768
3400936668119,OMEPRAZOLE BGA 10MG GELULE 14,36.39,29,1.2548275862068965
3400936060456,IBUPROFENE TVC 200MG CPR ENR 30,36.51,39,0.9361538461538461
3400949002160,KETODERM 2% CREME ( AIP ) 1,37.010000000000005,40,0.9252500000000001
3400932886975,VOLTARENE EMULGEL 1% GEL TUBE 1,37.08,49,0.756734693877551
3400930290446,NA,37.1,15,2.4733333333333336
3400939320755,PANTOPRAZOLE MYP 20MG CPR 14,37.15,28,1.3267857142857142
3400930125885,NA,37.37,11,3.397272727272727
3400936192959,ANTARENE 20 MG/ML NR ENF SUSP BUV 1,37.54,38,0.9878947368421053
3400937019095,PRAVASTATINE BGA 40MG CPR 28,37.730000000000004,11,3.43
3400934168475,NUREFLEX 400MG CPR 20,37.91,24,1.5795833333333331
3400935377982,AMOXICILLINE EGL 1G CPR DISP 6,38.809999999999995,34,1.141470588235294
3400935067111,BETAHISTINE BGA 8MG CPR 90,39.59,20,1.9795000000000003
3400927822544,ESOMEPRAZOLE EGL 40MG CPR 28,39.6,12,3.3000000000000003
3400949763993,OMEPRAZOLE ALM 20MG GELULE 28,39.78,13,3.06
3400937350389,SIMVASTATINE ARW 10MG CPR 30,39.94,14,2.8528571428571428
3400931321330,NIFLURIL 700MG AD SUPPO 8,40.04,33,1.2133333333333334
3400949960255,AMOROLFINE ZEN 5% VERNIS MED 1,40.2,24,1.675
3400935186836,AMOXICILLINE EG 500MG GELULE 12,41.21,40,1.03025
3400949763535,OMEPRAZOLE ALM 20MG GELULE 7,41.26,53,0.7784905660377358
3400934591761,CROMOPTIC 2% COLLYRE FL 10ML 1,41.55,15,2.77
3400941988493,ATORVASTATINE EG 40 MG CPR 30,41.75,11,3.7954545454545454
3400921723953,"CANDESARTAN/HCTZ ACT 8/12,5 MG CPR 30",41.809999999999995,15,2.787333333333333
3400955092452,NA,41.809999999999995,13,3.216153846153846
3400930515648,"HYDROCORTANCYL 2,5% SUSP INJ 1",41.94,34,1.2335294117647058
3400921661477,DESOGESTREL VIATRIS SANTE 75MCG CPR 28,42.26,45,0.9391111111111111
3400930167304,PARACETAMOL COD TVC 500/30MG CPR 16,42.309999999999995,39,1.0848717948717947
3400938232394,DOMPERIDONE BGA 10MG CPR DISP 30,42.42,43,0.9865116279069768
3400927817922,OMEPRAZOLE ZTL 10MG GELULE 28,42.449999999999996,16,2.6531249999999997
3400934176579,OXYBUTYNINE CRISTERS 5 MG CPR 0,42.63,18,2.3683333333333336
3400938269017,DICLOFENAC EG 1% GEL 100G 1,42.83,34,1.2597058823529412
3400930019252,PREGABALINE SDG 25 MG GELULE 56,43.230000000000004,13,3.325384615384616
3400930149157,ASTERLUNA CONTINU 100MCG/20MCG CPR 84,43.24,15,2.8826666666666667
3400936803374,"AMOX/AC CLAV RBX 100/12,5MG/ML 1",43.260000000000005,26,1.663846153846154
3400930307830,NA,43.309999999999995,14,3.0935714285714284
3400930006344,HYDROXYZINE EG 25MG CPR 30,43.5,39,1.1153846153846154
3400930008102,BROMAZEPAM ARW 6MG CPR 30,43.6,30,1.4533333333333334
3400921721362,CANDESARTAN ARW 32MG CPR 30,43.690000000000005,12,3.6408333333333336
3400930075364,MUPIROCINE SDZ 2 % POMMADE 1,44.120000000000005,31,1.423225806451613
3400937655071,MELOXICAM SDZ 15MG CPR 14,44.42,17,2.6129411764705885
3400935905451,MEBEVERINE EG 200MG GELULE 30,45.18,40,1.1295
3400930257098,ATORVASTATINE LABO ALTER 40 MG CPR 30,45.47,13,3.4976923076923074
3400949624348,IRBESARTAN CRT 75MG CPR PELL 30,45.94,14,3.281428571428571
3400933899554,SPOTOF 500MG CPR 20,45.96,24,1.915
3400949001873,INIPOMP 20 MG CPR (AIP) (MWI) PL 28,46.160000000000004,15,3.0773333333333337
3400937540827,"AMOX/AC CLAV TVS 500/62,5MG CPR AD 16",46.349999999999994,14,3.3107142857142855
3400930006467,HYDROXYZINE TVC 25MG CPR 30,46.5,33,1.4090909090909092
3400930080689,"BISOPROLOL QVL 7,5 MG, COMPRI 30",46.67,13,3.5900000000000003
3400939816074,OMEPRAZOLE EVO 20MG GELULE 28,46.760000000000005,16,2.9225000000000003
3400941602900,"ACIDE FOLIQUE ARROW 5 MG 1 BOITE DE 20, COMPRIMES",47.61,40,1.19025
3400930093061,ESOMEPRAZOLE ALM 40MG CPR 28,47.83,14,3.4164285714285714
3400922489452,RABEPRAZOLE ARW 10MG CPR 28,47.87,15,3.191333333333333
3400949946877,ESOMEPRAZOLE TVC 20MG GELULE 28,47.87,15,3.191333333333333
3400937693332,IBUPROFENE ALM 200MG CPR PELL 30,47.97,52,0.9225
3400930035559,ATORVASTATINE ARG 80 MG CPR 30,48.27,13,3.7130769230769234
3400935589033,"ZOPICLONE ZYD 7,5MG CPR 5",48.56,140,0.34685714285714286
3400931698289,"DODECAVIT 0,5 MG/ML SOL INJ 6",48.690000000000005,25,1.9476000000000002
3400935555892,MOLSIDOMINE EG 2MG CPR 30,49.730000000000004,24,2.0720833333333335
3400936501874,NA,50.06,25,2.0024
3400930119006,"ALPRAZOLAM ARL 0,5MG CPR 30",51.15,38,1.3460526315789474
3400939630069,TRIMEBUTINE SUN 200MG CPR 30,51.190000000000005,38,1.3471052631578948
3400933467562,NICOTINELL TTS 7 MG/24H DISP TRANSD 7,51.220000000000006,13,3.9400000000000004
3400933298296,CALCIFORTE SOL BUV AMP 10ML 30,51.33,17,3.0194117647058825
3400930047934,SOLIFENACINE TVC 5MG CPR 30,51.83,18,2.8794444444444443
3400949221851,PERINDOPRIL EG 8MG CPR 30,52.05,15,3.4699999999999998
3400934877704,BREXIN 20MG CPR EFF 14,52.29,27,1.9366666666666665
3400937340625,RAMIPRIL ARL 10MG CPR 30,52.5,14,3.75
3400949500130,AERIUS 5MG CPR ADP MWI 30,53,40,1.325
3400939378138,FLUVASTATINE BGA LP 80MG CPR 30,53.28,15,3.552
3400949755370,OMEPRAZOLE BIPHAR 20MG GELULE 28,53.339999999999996,17,3.137647058823529
3400933960858,"MOBIC 7,5 MG CPR 14",53.55,27,1.9833333333333332
3400926983291,DICLOFENAC SDZ 1% GEL TB 50G 1,53.59,45,1.1908888888888889
3400949458783,TAHOR 10MG CPR CROQ 30,53.59,12,4.465833333333333
3400937018616,PRAVASTATINE BGA 10MG CPR 28,53.75,16,3.359375
3400938340136,NA,54.220000000000006,24,2.2591666666666668
3400932242955,"TIMOPTOL 0,50 % COLLYRE FL 3ML 1",54.230000000000004,33,1.6433333333333335
3400941988615,ATORVASTATINE EG 80 MG CPR 30,54.68,15,3.6453333333333333
3400938134599,ONDANSETRON TVC 8MG CPR 0,54.87,12,4.5725
3400930112199,PANTOPRAZOLE ARG 40 MG CPR 7,54.88,59,0.9301694915254237
3400930299975,NA,55.339999999999996,18,3.074444444444444
3400949458844,TAHOR 20MG CPR CROQ 30,55.37,11,5.033636363636363
3400938173451,NOMEGESTROL BGA 5MG CPR 10,55.56,23,2.4156521739130437
3400930129685,AC TRANEXAMIQUE ACC 500 MG SOL INJ 5,55.77,21,2.6557142857142857
3400934656798,VENLAFAXINE VTSG LP 75MG GELULE 30,56.36,14,4.025714285714286
3400936648586,"ENALAPRIL HCTZ ARW 20/12,5MG CP 30",56.78,17,3.34
3400949500529,FOSAVANCE 70MG/2800UI CPR (ADP) PLAB 4,57.1,12,4.758333333333334
3400937818834,ONDANSETRON BGA 8MG CPR DISP 2,57.93,13,4.456153846153846
3400932403028,VICTAN 2MG CPR 30,58.25,32,1.8203125
3400930031711,DULOXETINE ZEN 60 MG GELULE 28,58.3,16,3.64375
3400938561388,GLICLAZIDE ARL LM 30MG CPR 30,58.309999999999995,15,3.887333333333333
3400921718812,CANDESARTAN ARW 4MG CPR 30,58.5,17,3.4411764705882355
3400939075167,PANTOPRAZOLE CRT 20MG CPR 28,58.98,18,3.2766666666666664
3400930249994,LACOSAMIDE ZYD 50 MG CPR 14,59.56,20,2.978
3400935570802,CALCIUM SDZ 500MG PDR ORALE 30,60.04,23,2.6104347826086958
3400930087954,SOLIFENACINE BGA 10MG CPR 30,60.46,24,2.5191666666666666
3400936883338,VERAPAMIL SDZ LP 240MG CPR 30,61.17,14,4.369285714285715
3400930066423,LANSOPRAZOLE ARW 30 MG CPR OROD 28,61.18,16,3.82375
3400934218194,XOLAAM SUSP BUV FL 1,61.75,95,0.65
3400936583320,BROMAZEPAM SDZ 6MG CPR 30,61.94,44,1.4077272727272727
3400930316184,NA,62.3,12,5.191666666666666
3400939016207,NOMEGESTROL SDZ 5MG CPR 10,62.44,28,2.23
3400932736492,CLARADOL 500MG CPR EFF 16,62.91,62,1.0146774193548387
3400926910891,GLICLAZIDE TVC LM 60MG CPR 30,63.2,21,3.0095238095238095
3400930256916,ATORVASTATINE LABO ALTER 10 MG CPR 30,63.7,18,3.538888888888889
3400938020946,"ZOPICLONE SUN 7,5MG CPR 14",64.22,87,0.7381609195402299
3400935504975,ENALAPRIL VIATRIS 20 MG CPR 28,64.54,25,2.5816000000000003
3400938703740,PANTOPRAZOLE ALT 20MG CPR 14,65.06,45,1.4457777777777778
3400941744297,ATORVASTATINE ALT 20MG CPR 30,65.07,18,3.6149999999999998
3400933620578,CALCIPRAT 750MG CPR 60,65.86,17,3.8741176470588234
3400921836776,RABEPRAZOLE ZEN 10MG CPR 28,66.09,20,3.3045
3400935200426,VISIPAQUE 320MG/ML SOL INJ FP 1,66.25,14,4.732142857142857
3400949625987,IRBESARTAN CRT 300MG CPR PELL 30,67.13,20,3.3564999999999996
3400926913045,GLICLAZIDE ARW LM 60MG CPR 30,67.16,23,2.92
3400934097126,ZOLTUM 20 MG GELULE 28,67.2,20,3.3600000000000003
3400949476534,MOVICOL SS AROME PDR ORALE SACH 20,67.33,56,1.2023214285714285
3400931844082,"SODIUM CHL AGT 0,9% INJ FV 500ML 1",67.41,37,1.8218918918918918
3400936804845,OMEPRAZOLE CRT 20MG GELULE 28,67.48,23,2.933913043478261
3400938984156,"IMETH 2,5MG CPR 24",67.57,16,4.223125
3400921724783,"CANDESARTAN/HCTZ ACT 16/12,5 MG CPR 30",67.69,24,2.8204166666666666
3400935561817,SERTRALINE PFZ 25MG GELULE 7,67.82,59,1.1494915254237288
3400936180314,DOMPERIDONE BGA 10 MG CPR 40,68.04,57,1.193684210526316
3400938847321,GLIMEPIRIDE AHL 4MG CPR 30,68.27,15,4.551333333333333
3400935403988,ENALAPRIL VIATRIS 5 MG CPR 28,68.51,30,2.283666666666667
3400939322827,AZITHROMYCINE ZEN 250MG CPR 6,68.52,14,4.894285714285714
3400937993050,SELEXID 200MG CPR 12,68.95,19,3.628947368421053
3400949500086,"LUMIGAN 0,3MG/ML COLLY 3ML (ADP) PLA 1",69.23,15,4.615333333333334
3400949500468,FOSAVANCE 70MG/2800UI CPR (ADP) MEDW 4,69.24000000000001,13,5.326153846153847
3400930035474,ATORVASTATINE ARG 40 MG CPR 30,69.52,18,3.862222222222222
3400937850711,ACEBUTOLOL ZEN 200MG CPR 30,69.61,18,3.8672222222222223
3400939080130,PANTOPRAZOLE CRT 40MG CPR 28,69.93,22,3.178636363636364
3400935447005,NOCTAMIDE 2MG CPR 14,70.03,61,1.148032786885246
3400930153079,HYDROXYZINE VIATRIS 25MG CPR 30,70.05,50,1.401
3400927894633,HYDROXYZINE ZEN 25MG CPR 30,70.07,45,1.557111111111111
3400949500222,AERIUS 5MG CPR ADP BBF 30,70.07,29,2.416206896551724
3400926915285,GLICLAZIDE MYP LM 60MG CPR 30,70.08,24,2.92
3400930018590,DULOXETINE MYL 60MG GELULE 28,70.11999999999999,19,3.690526315789473
3400930282526,"DEBRIDAT 4,8MG/ML GRANULES ORAL FL 1",70.33,75,0.9377333333333333
3400930115008,ALEND AC / D3 EG 70 MG/ 5600 UI CPR 4,70.79,17,4.1641176470588235
3400930151471,MOMETASONE ARW 50 MICROG SUSP NAS120 1,70.82000000000001,68,1.0414705882352941
3400939630939,VALSARTAN TVC 40MG CPR 30,71.34,21,3.3971428571428572
3400927556883,ESCITALOPRAM EG 5MG CPR 14,71.72,33,2.1733333333333333
3400933467913,NICOTINELL TTS 14 MG/24H DISP TRANSD 7,72.16999999999999,18,4.009444444444444
3400931844143,"SODIUM CHL AGT 0,9% INJ FV 1L 1",72.22,43,1.6795348837209303
3400939501048,ONYTEC 8% VERNIS 1,72.29,12,6.024166666666667
3400930176771,SIMVASTATINE VTS 20MG CPR 28,73.09,21,3.4804761904761907
3400937910194,"AMOX/AC CLAV ZTK 100/12,5MG/ML 1",73.34,43,1.7055813953488372
3400937635431,ONDANSETRON BGA 8 MG CPR 2,73.71000000000001,16,4.6068750000000005
3400930079843,"IMODIUM 0,2MG/ML ENF SOL BUV 100 ML 1",73.75,88,0.8380681818181818
3400927517792,PRAVASTATINE ZEN 40MG CPR 28,74.47,20,3.7235
3400936647527,CHLORMADINONE SDZ 10MG CPR 12,74.81,47,1.5917021276595744
3400937541596,"AMOX/AC CLAV GXK 100MG/12,5MG ENF 1",74.97,30,2.499
3400930031704,DULOXETINE ZEN 30 MG GELULE 28,75.16999999999999,21,3.579523809523809
3400932014668,SOLUPRED 20MG CPR EFF 20,75.28,26,2.8953846153846152
3400935746412,ALLOPURINOL ARW 300MG CPR 28,75.47,45,1.677111111111111
3400930066386,LANSOPRAZOLE ARW 15 MG CPR OROD 28,75.53,27,2.7974074074074076
3400935312877,CARDENSIEL 5MG CPR 90,75.56,15,5.037333333333334
3400931086086,TRIVASTAL 20MG CPR 30,76.17999999999999,55,1.385090909090909
3400932936694,POTASSIUM RCA SIROP SACHET 20,76.49000000000001,35,2.1854285714285715
3400935584069,EUPANTOL 40 MG CPR 28,77.36999999999999,20,3.8684999999999996
3400936747562,OMEPRAZOLE ZEN 20MG GELULE 28,77.63,25,3.1052
3400935856043,MIFLONIL 200 MICROG PDR INH GELULE 60,77.67999999999999,18,4.315555555555555
3400933495947,LAMISIL 1% CREME TUBE 15 G 1,78.23,72,1.0865277777777778
3400937018845,PRAVASTATINE BGA 20MG CPR 28,78.4,21,3.7333333333333334
3400932425600,ERY 125MG NR GRANULES SACHET 24,79.38,35,2.268
3400939133560,FLUOXETINE CRT 20MG CPR 28,79.38,29,2.7372413793103445
3400932555222,IOPAMIRON 200 SOL INJ FL 15ML 1,79.6,11,7.2363636363636354
3400939678726,CLOPIDOGREL EG 75MG CPR 30,79.83,11,7.257272727272727
3400932303502,ZADITEN 1MG GELULE 60,80.36999999999999,17,4.727647058823528
3400934416446,PRAVASTATINE ACC 40 MG CPR 28,80.43,23,3.4969565217391305
3400930189757,NA,80.86,21,3.8504761904761904
3400930669624,"METHERGIN 0,2 MG SOL INJ 3",81.16,59,1.375593220338983
3400949001897,NA,81.49000000000001,15,5.432666666666667
3400927801891,BETAHISTINE ZYF 24MG CPR 60,81.61999999999999,21,3.8866666666666663
3400941636509,MONTELUKAST CRT 10 MG CPR 28,82.02,13,6.309230769230769
3400930031902,PREGABALINE EVO 25 MG GELULE 84,82.08,14,5.862857142857143
3400930103197,ALEND AC / D3 ZEN 70 MG/2800 UI CPR 4,82.48,18,4.582222222222223
3400927703577,EBASTINE BGA 10MG CPR ORODISP 30,82.61,29,2.8486206896551725
3400930012048,"PRAMIPEXOLE SDZ 0,26MG CPR LP 30",82.7,25,3.3080000000000003
3400941938818,MILNACIPRAN BGA 25MG GELULE 56,82.8,17,4.870588235294117
3400938789966,LISINOPRIL EG 20MG CPR 30,83.06,26,3.1946153846153846
3400949501120,FOSAVANCE 70MG/5600UI CPR (ADP) 4,83.09,17,4.8876470588235295
3400938630268,RAMIPRIL ARL 5MG CPR 90,83.23,11,7.566363636363636
3400935930583,ACICLOVIR ARW 200MG CPR 25,83.43,12,6.952500000000001
3400937494250,UROREC 8 MG GELULE 30,84.31,20,4.2155000000000005
3400935067401,AMOXICILLINE ZYD 500MG GELULE 12,84.38,79,1.0681012658227849
3400936713505,"SPIRAM/METRO SDZ 1,5MUI/250MG CPR 10",84.84,26,3.263076923076923
3400930093016,ESOMEPRAZOLE ALM 20MG CPR 28,85.09,26,3.272692307692308
3400927932694,LANSOPRAZOLE EG 15MG CPR OROD 28,85.13,24,3.547083333333333
3400949023899,COVERAM 10MG/5MG CPR (AIP) (BBA CZ) 30,85.83,12,7.1525
3400930178614,NA,86.07,79,1.0894936708860758
3400938563160,GLICLAZIDE SDZ LM 30MG CPR 30,86.16999999999999,22,3.916818181818181
3400933443559,DIVINA CPR 21,87.01,19,4.579473684210527
3400938987119,ACECLOFENAC EG 100MG CPR 30,87.44,38,2.3010526315789472
3400933898205,DAIVONEX 50 MICROG/G CREME 30G 1,87.59,14,6.256428571428572
3400938130058,METFORMINE CRT 1000MG CPR 90,88,23,3.8260869565217392
3400933911881,TOPALGIC 50MG GELULE 30,88.3,36,2.4527777777777775
3400938340884,NA,88.61999999999999,32,2.7693749999999997
3400937541367,AMOX/AC CLAV TVS 1G/125MG AD SACH 2 12,88.7,20,4.4350000000000005
3400934693359,NA,88.82,21,4.229523809523809
3400937874205,SPIRONOLACTONE ALTIZIDE ZEN CPR 90,88.82,14,6.344285714285713
3400930091845,"CLARISCAN 0,5MMOL/ML INJ SER 15ML 1",89.31,8,11.16375
3400922036069,ESOMEPRAZOLE CRT 20MG GELULE 28,89.49,26,3.441923076923077
3400936058965,ALGINATE BICAR SODIUM BGA BUV FL 1,90.52,138,0.6559420289855072
3400930276112,TRAMADOL ZYD LP 150MG CPR 10,91.5,53,1.7264150943396226
3400930115480,"TELMISARTAN/HCTZ ACC 80MG/12,5MG CPR 30",91.69,29,3.1617241379310346
3400935555953,MOLSIDOMINE EG 2MG CPR 90,91.9,17,5.405882352941177
3400941721175,"ZOLMITRIPTAN ZEN 2,5MG CPR 12",91.9,13,7.06923076923077
3400937559928,AMLODIPINE ARG 5MG GELULE 30,91.93,25,3.6772000000000005
3400938122763,"ZOPICLONE ALT 7,5MG CPR 14",91.95,115,0.7995652173913044
3400922086385,MILNACIPRAN BGA 50MG GELULE 56,92.01,20,4.6005
3400927930683,LANSOPRAZOLE SDZ 30MG CPR OROD 28,92.25,26,3.548076923076923
3400930160473,"BUPRENORPHINE/NAL ARW 2MG/0,5MG CPR 28",92.75,27,3.435185185185185
3400922134215,LEVOCETIRIZINE ZEN 5MG CPR 28,92.81,68,1.3648529411764707
3400926915636,GLICLAZIDE MYP LM 60MG CPR 90,92.89,12,7.740833333333334
3400935825117,FLUOXETINE ZYD 20MG GELULE 14,93.28,48,1.9433333333333334
3400949222162,PERINDOPRIL EG 8MG CPR 90,93.72,11,8.52
3400926644024,"REPAGLINIDE KRKA 0,5 MG CPR 90",94.05,15,6.27
3400930208465,VILDAGLIPTINE ACCORD 50MG CPR 30,94.32,29,3.252413793103448
3400938704280,FLUOXETINE ALT 20MG GELULE 14,94.6,50,1.892
3400933861872,VITAMINE A FAURE COLLYRE FL 10ML 1,94.75,84,1.1279761904761905
3400930118900,EUTHYROX 175 MICROG CPR 100,94.81,13,7.2930769230769235
3400936282889,OMEPRAZOLE VIATRIS 20MG GELULE 14,95.25,70,1.3607142857142858
3400930019283,PREGABALINE SDG 75 MG GELULE 56,95.27,11,8.66090909090909
3400922167152,IRBESARTAN BGA 300MG CPR PELL 30,95.44,30,3.1813333333333333
3400921719642,CANDESARTAN ARW 8MG CPR 30,95.94999999999999,29,3.308620689655172
3400939080710,PANTOPRAZOLE CRT 40MG CPR 28,96.09,28,3.431785714285714
3400935745460,MOLSIDOMINE ARW 4MG CPR 90,96.56,13,7.427692307692308
3400949023370,COVERAM 5MG/5MG CPR (AIP) (BBA CZ) 30,97.22,16,6.07625
3400930151181,MOMETASONE VTS 50 MICROG SUSP NAS120 1,97.45,70,1.3921428571428571
3400939308869,"BRIMONIDINE SDZ 0,2% COLLYRE 1",97.45,32,3.0453125
3400949298563,PRAVASTATINE ACC 20MG CPR 28,97.46000000000001,29,3.360689655172414
3400930145784,ESCITALOPRAM ARL 5MG CPR 14,98.07,53,1.8503773584905658
3400937946384,METFORMINE VTS 1000MG CPR DISP 90,98.73,22,4.487727272727273
3400949028344,SINGULAIR 10MG CPR (AIP) (BBA) 28,98.79,12,8.2325
3400921724325,"CANDESARTAN/HCTZ ACT 8/12,5 MG CPR 90",99.28,13,7.636923076923077
3400922167961,IRBESARTAN BGA 300MG CPR PELL 90,99.28,13,7.636923076923077
3400936742710,AMOXICILLINE ZTV 1G CPR DISP 14,99.69,25,3.9876
3400933167035,"GELDENE 0,5% GEL 1",99.74000000000001,100,0.9974000000000001
3400930313893,"DIGOXINE NATIVELLE 0,5 MG SOL INJ 6",99.83,24,4.159583333333333
3400938910575,PERINDOPRIL EG 4MG CPR 30,100.03,28,3.5725000000000002
3400936737808,SPIRONOLACTONE ALTIZIDE ZEN CPR 30,100.22999999999999,39,2.57
3400927517273,PRAVASTATINE ZEN 20MG CPR 28,100.57,27,3.7248148148148146
3400949947010,ESOMEPRAZOLE TVC 40MG GELULE 28,100.59,34,2.958529411764706
3400938235128,AMLODIPINE PFZ 10MG GELULE 90,100.79,11,9.162727272727274
3400936852921,CIPROFLOXACINE ALT 500MG CPR 12,102.58,16,6.41125
3400935378064,AMOXICILLINE EGL 1G CPR DISP 14,102.86,29,3.5468965517241378
3400935730961,MOLSIDOMINE ARW 2MG CPR 30,103.09,49,2.103877551020408
3400941750441,BETAHISTINE ARW 8MG CPR 90,103.25999999999999,43,2.4013953488372093
3400932022533,PEVARYL 1% EMULSION 1,103.53,107,0.967570093457944
3400949000586,PERMIXON 160 MG GELULE (AIP MWI BG) 60,103.83,13,7.986923076923077
3400930098028,ALEND AC / D3 ARW 70 MG/2800 UI CPR 4,103.84,24,4.326666666666667
3400930861202,PRIMPERAN 10MG CPR 40,104.2,67,1.5552238805970149
3400930206171,"DOTAREM 0,5 MMOL/ML INJ SER 20ML+CAT 1",105.3,6,17.55
3400935067050,BETAHISTINE BGA 8MG CPR 30,105.57,76,1.3890789473684209
3400927823435,ESOMEPRAZOLE EVO 20MG CPR 28,105.64999999999999,30,3.5216666666666665
3400949644339,RISEDRONATE ZTL 35MG CPR 4,105.96000000000001,15,7.064000000000001
3400937421560,"ENALAPRIL HCTZ ZEN 20/12,5MG CPR 84",106.11,12,8.8425
3400949004751,VENTOLINE 100MCG /DOSE INH FL AIP 1,106.4,41,2.5951219512195123
3400927898075,HYDROXYZINE BGA 25MG CPR 30,106.49000000000001,82,1.298658536585366
3400921719932,CANDESARTAN ARW 8MG CPR 90,106.86999999999999,13,8.22076923076923
3400934829109,DICLOFENAC VIATRIS 50MG CPR GR 30,107.13999999999999,59,1.8159322033898302
3400935746641,ALLOPURINOL ARW 200MG CPR 28,107.25,82,1.3079268292682926
3400930306024,NA,107.32,11,9.756363636363636
3400933102449,PERINDOPRIL ARG 4MG CPR 30,107.38,33,3.253939393939394
3400927567711,OMEPRAZOLE ZTL 10MG GELULE 28,107.56,35,3.0731428571428574
3400936284661,OMEPRAZOLE BGA 20MG GELULE 14,107.78,79,1.3643037974683545
3400933905330,EFFERALGANMED 80MG NR PDR ORALE EFF 12,108.44,131,0.8277862595419847
3400922183640,ATORVASTATINE ALM 20MG CPR 90,108.97,12,9.080833333333333
3400927821714,ESOMEPRAZOLE EGL 20MG CPR 28,109.08000000000001,34,3.2082352941176473
3400949930968,OLANZAPINE ALT 10MG CPR DISP 28,109.16,13,8.396923076923077
3400941724657,ATORVASTATINE EVO 40MG CPR 90,109.54,11,9.958181818181819
3400949766666,OMEPRAZOLE EGG 20MG GELULE 28,109.55000000000001,39,2.808974358974359
3400949297672,PRAVASTATINE ACC 10MG CPR 28,109.58,30,3.6526666666666667
3400930166918,BETAHISTINE ACC 24MG CPR 60,110.19,28,3.9353571428571428
3400930219973,"DOTAREM 0,5MMOL/ML INJ SER DISP 1",111.01,4,27.7525
3400949814893,AMOROLFINE ARW 5% VERNIS MED 1,111.07,31,3.5829032258064513
3400936150966,BISOPROLOL ZYD 10MG CPR 30,111.11,28,3.9682142857142857
3400930114988,ALEND AC / D3 EG 70 MG/2800 UI CPR 4,111.44000000000001,25,4.4576
3400936250543,PERINDOPRIL ARG 8MG CPR 90,111.61999999999999,12,9.301666666666666
3400937827829,LANSOPRAZOLE ZYD 30MG GELULE 28,111.93,28,3.9975
3400927895814,HYDROXYZINE VIATRIS 25MG CPR 30,112.12,84,1.3347619047619048
3400936742659,AMOXICILLINE ZTV 1G CPR DISP 6,112.23,83,1.3521686746987953
3400930050354,PREDNISONE BGA 5 MG CPR 30,112.24000000000001,61,1.84
3400949000166,COVERAM 5MG/10MG CPR (AIP)(MWI) (PL) 30,112.46000000000001,19,5.918947368421053
3400935086501,TRANSILANE SS SUCRE PDR ORALE SACHET 20,112.92,84,1.3442857142857143
3400941941719,DESLORATADINE ARW 5 MG CPR 30,113.12,75,1.5082666666666666
3400930261187,SITAGLIPTINE /MET ALT 50/1000MG CPR 60,113.26,16,7.07875
3400933102678,PERINDOPRIL ARG 4MG CPR 90,114.78,13,8.829230769230769
3400935545848,MONTELUKAST BGA 5MG CPR CROQ 28,115.11,20,5.7555
3400941608292,PANTOPRAZOLE ARL 20 MG CPR 28,115.19,37,3.113243243243243
3400939425993,FLUVASTATINE ZEN LP 80MG CPR 90,116.16,11,10.56
3400937396394,LISINOPRIL ARW 20MG CPR 84,116.5,15,7.766666666666667
3400937411455,GABAPENTINE SDZ 100MG GELULE 90,118.47,18,6.581666666666667
3400949245406,RISEDRONATE BGR 35MG CPR 4,118.94000000000001,15,7.929333333333334
3400939378428,FLUVASTATINE BGA LP 80MG CPR 90,119.17999999999999,13,9.167692307692308
3400927517334,PRAVASTATINE ZEN 20MG CPR 84,119.33,12,9.944166666666666
3400933595692,"DEBRIDAT 74,4MG GRANULES ORAL SACHET 30",119.56,130,0.9196923076923077
3400927929915,LANSOPRAZOLE SDZ 15MG CPR OROD 28,120.13,30,4.004333333333333
3400922385563,HELICIDINE 10% SIROP FL 125ML 1,121.14,369,0.3282926829268293
3400933890629,MOBIC 15 MG CPR 14,121.30000000000001,44,2.7568181818181823
3400930266519,NA,121.76,31,3.927741935483871
3400949024032,COVERAM 10MG/10MG CPR (AIP) (BBACZ) 30,122.06,16,7.62875
3400939815763,OMEPRAZOLE EVO 20MG GELULE 7,122.16,162,0.754074074074074
3400927902659,RAMIPRIL ARG 2.5 MG CPR 90,122.26,13,9.404615384615385
3400935715135,IBUPROFENE ARW 200MG CPR ENR 30,122.43,126,0.9716666666666667
3400930296172,NA,122.79,15,8.186
3400936716346,FLUCONAZOLE ARW 50MG GELULE 7,123.39,17,7.258235294117647
3400941988035,ATORVASTATINE EG 10 MG CPR 90,123.8,14,8.842857142857143
3400937365758,ACEBUTOLOL ARW 200MG CPR 90,124.05,15,8.27
3400930150108,IZALGI 500 MG/25 MG GELULE 16,124.17999999999999,112,1.10875
3400938691870,NOMEGESTROL ARW 5MG CPR 10,124.26,47,2.6438297872340426
3400941744648,ATORVASTATINE ALT 20MG CPR 90,124.94000000000001,12,10.411666666666667
3400930111352,ROSUVASTATINE KRK 10MG CPR 90,125.29,11,11.39
3400930001479,A313 POMMADE 1,126.22,156,0.8091025641025641
3400941900037,PRAVASTATINE ACC 20MG CPR 84,127.33,13,9.794615384615385
3400934891199,"ALPRAZOLAM BGA 0,50MG CPR 30",127.46,93,1.370537634408602
3400933733971,"TIMOPTOL LP 0,25% COLLYRE FL 2,5ML 1",127.86999999999999,28,4.566785714285714
3400941609244,PANTOPRAZOLE ARL 20 MG CPR 28,128,42,3.0476190476190474
3400933752903,GLUCOR 50MG CPR 90,128.38000000000002,12,10.698333333333336
3400922163949,IRBESARTAN BGA 75MG CPR PELL 90,128.57,15,8.571333333333333
3400933129415,PARALYOC 250MG LYOPHILISAT ORAL 10,128.79,135,0.954
3400927824494,ESOMEPRAZOLE EVO 40MG CPR 28,130.07999999999998,42,3.097142857142857
3400934505317,PROZAC 20 MG CPR 28,130.3,35,3.7228571428571433
3400926823405,RABEPRAZOLE EGL 20MG CPR 28,130.49,47,2.7763829787234044
3400933773373,FORADIL 12 MICROG PDR INH GELULE 30,131.35,27,4.864814814814815
3400949397198,ATORVASTATINE ALM 10MG CPR 30,132.11,40,3.3027500000000005
3400930041963,ALLOPURINOL BGA 200MG CPR 28,132.18,83,1.5925301204819278
3400927855313,MOXIFLOXACINE VIATRIS 400 MG CPR 7,132.19,20,6.6095
3400939419961,FLUVASTATINE ARW LP 80MG CPR 90,132.5,12,11.041666666666666
3400927517853,PRAVASTATINE ZEN 40MG CPR 84,132.7,13,10.207692307692307
3400926989507,RIZATRIPTAN ARL 10MG CPR 12,133.07,14,9.504999999999999
3400922232188,ACARBOSE ARL 50MG CPR 90,133.16,12,11.096666666666666
3400932681921,OMNIPAQUE 350MG SOL INJ FV 20ML 1,134.21,26,5.1619230769230775
3400941750212,BETAHISTINE ARW 8MG CPR 30,135.04999999999998,105,1.286190476190476
3400932387656,FLUOGEL GEL DENTAIRE 1,135.06,41,3.294146341463415
3400930268803,ZAMUDOL LP 150MG GELULE 10,135.23999999999998,57,2.372631578947368
3400926961121,TRAMADOL/PARACETAMOL ARW CPR 20,135.92000000000002,94,1.4459574468085108
3400937801683,TERBINAFINE VEL 250MG CPR 28,136.19,12,11.349166666666667
3400930204382,SITAGLIPTINE HCS 100 MG CPR PEL 28,137.2,19,7.221052631578947
3400949500093,AZARGA 10MG/5MG/ML COLLYRE ADP MWI 1,137.68,50,2.7536
3400930099070,ALEND AC / D3 PHT 70 MG/2800 UI CPR 4,137.76999999999998,26,5.298846153846153
3400949002207,PERMIXON 160MG GELULE (AIP BBF ) 60,137.89000000000001,14,9.849285714285715
3400939815824,OMEPRAZOLE EVO 20MG GELULE 14,138.39,102,1.3567647058823529
3400928099952,MYSOLINE 250MG CPR 60,138.57,20,6.9285
3400949814664,AMOROLFINE TVC 5% VERNIS MED 1,139.06,42,3.310952380952381
3400936282421,OMEPRAZOLE VIATRIS 20MG GELULE 7,139.19,184,0.7564673913043478
3400930265215,CONTRAMAL 50MG GELULE 10,139.71,115,1.2148695652173913
3400939454979,OLANZAPINE VTS 10MG CPR PEL 28,139.8,18,7.7666666666666675
3400930103227,ALEND AC /D3 ZEN 70 MG/ 5600 UI CPR 4,140.4,31,4.529032258064516
3400927855252,MOXIFLOXACINE VIATRIS 400 MG CPR 5,140.41,26,5.400384615384615
3400934718816,COLOKIT CPR 32,140.75,26,5.413461538461538
3400930128398,LACTULOSE BIP 10G/15ML SOL BUV SAC G 20,140.86,61,2.3091803278688525
3400930098783,ALEND AC /D3 ARW 70 MG/ 5600 UI CPR 4,140.98000000000002,29,4.861379310344828
3400935829139,LACTULOSE EG 10G/15ML SOL SAC 20,141.86,74,1.9170270270270273
3400926983413,DICLOFENAC SDZ 1% GEL TB 100G 1,142.92,103,1.3875728155339804
3400930037799,ROSUVASTATINE ALT 5MG CPR 30,143.43,34,4.218529411764706
3400936582729,AMIODARONE SDZ 200MG CPR 30,143.79,26,5.530384615384615
3400938863529,PARACETAMOL ARW 500MG PDR ORALE SACH 12,143.96,157,0.9169426751592357
3400938557886,RISPERIDONE SDZ 1MG/ML SOL BUV 60ML 1,143.99,17,8.47
3400937359207,PRAVASTATINE BGA 20MG CPR 84,144.26999999999998,14,10.304999999999998
3400930098042,ALEND AC / D3 ARW 70 MG/2800 UI CPR 12,144.9,13,11.146153846153847
3400930115022,ALEND AC / D3 EG 70 MG/ 5600 UI CPR 12,144.9,12,12.075000000000001
3400934223228,SERTRALINE PFZ 50MG GELULE 28,147,47,3.127659574468085
3400921725094,"CANDESARTAN/HCTZ ACT 16/12,5 MG CPR 90",147.56,15,9.837333333333333
3400934210211,AMAREL 1MG CPR 30,147.86,55,2.6883636363636367
3400926797348,TRAMADOL/PARACETAMOL VNP CPR 20,148.14,97,1.5272164948453606
3400949101016,"PERINDOPRIL INDAP KRK 2/0,625MG CPR 90",149,18,8.277777777777779
3400933103569,PERINDOPRIL ARG 2MG CPR 90,150.05,16,9.378125
3400949501878,FOSAVANCE 70MG/2800UI CPR (ADP) PLAB 12,150.41,12,12.534166666666666
3400938609677,CEFIXIME TVC 200MG CPR 8,150.73,27,5.582592592592592
3400927899195,HYDROXYZINE ARW 25MG CPR 30,151.72,114,1.330877192982456
3400930035504,ATORVASTATINE ARG 40 MG CPR 90,151.75,14,10.839285714285714
3400949501939,FOSAVANCE 70MG/5600UI CPR (ADP) 4,152.98000000000002,37,4.134594594594595
3400949618835,RISEDRONATE ACC 35MG CPR 4,153.05,22,6.956818181818182
3400934595493,DILTIAZEM VTS LP 120MG GELULE 30,153.76000000000002,64,2.4025000000000003
3400922036359,ESOMEPRAZOLE CRT 40MG GELULE 28,154.32999999999998,50,3.0866
3400949005215,SERETIDE 125/25 MCG SUSP INHAL AIP 120,154.58,12,12.881666666666668
3400949760053,OMEPRAZOLE TVS 10MG GELULE 28,154.93,60,2.5821666666666667
3400938048452,MANIDIPINE SDZ 10MG CPR 30,155.10000000000002,34,4.561764705882354
3400930282380,NA,157.13,86,1.8270930232558138
3400931261445,"SODIUM BIC BSD 1,4% INJ FV 250ML 1",157.95,144,1.0968749999999998
3400937524568,FINASTERIDE SDZ 5MG CPR 28,158.34,18,8.796666666666667
3400930018552,DULOXETINE MYL 30 MG GELULE 28,158.57999999999998,45,3.5239999999999996
3400935507587,FENOFIBRATE ARW 67MG GELULE 60,158.95000000000002,52,3.0567307692307697
3400930080610,BISOPROLOL QVL 5MG CPR 30,159.3,75,2.124
3400938443424,AMOXICILLINE SUN 1G CPR DISP 14,159.31,55,2.8965454545454548
3400949501588,FOSAVANCE 70MG/5600UI CPR (ADP) 12,159.86,14,11.418571428571429
3400922448930,VALSARTAN KRK 80MG CPR 30,160.52,49,3.275918367346939
3400926943141,TRAMADOL PARACETAMOL SUN CPR 20,161.02,99,1.6264646464646466
3400949002504,PERMIXON 160MG GELULE (AIP PHL) 60,161.66,23,7.028695652173913
3400932849895,"IMOVANE 7,5 MG CPR 5",161.78,389,0.41588688946015423
3400930164303,EZETIMIBE/SIMVAST ALT 10MG/40MG CPR 30,163.73999999999998,12,13.644999999999998
3400931304180,POTASSIUM RCA 3% SIROP FL 250ML 1,163.92000000000002,85,1.9284705882352944
3400939628349,CLOPIDOGREL TPH 75 MG CPR 30,164.02,24,6.834166666666667
3400930019306,PREGABALINE SDG 150 MG GELULE 56,164.58,13,12.66
3400930041888,ALLOPURINOL BGA 100MG CPR 28,164.97,155,1.0643225806451613
3400939792200,CLOPIDOGREL SDZ 75MG CPR 30,165.08,22,7.503636363636364
3400930099094,ALEND AC / D3 PHT 70 MG/2800 UI CPR 12,165.38000000000002,14,11.812857142857144
3400930079003,IRBESARTAN BGA 300MG CPR PELL 30,165.75,47,3.526595744680851
3400936250314,PERINDOPRIL ARG 8MG CPR 30,166.65,48,3.4718750000000003
3400935507877,FENOFIBRATE ARW 200MG GELULE 30,166.67000000000002,42,3.9683333333333337
3400933056223,"HELMINTOX 125 MG/2,5 ML SUSP BUV 1",166.96,135,1.2367407407407407
3400936226999,EZETROL 10MG CPR 28,167.99,13,12.922307692307694
3400930217863,EZETIMIBE/SIMVAST ACC 10MG/40MG CPR 30,168.81,12,14.0675
3400933239794,TRANSILANE 3G PDR ORALE SACHET 20,169,85,1.988235294117647
3400927740428,ESCITALOPRAM ZYD 5MG CPR 14,169.42000000000002,92,1.841521739130435
3400930140772,IVABRADINE ALT 5 MG CPR 56,170.32000000000002,12,14.193333333333335
3400937186148,"TAMSULOSINE ZEN LP 0,4MG GELULE 30",171.52000000000004,104,1.6492307692307695
3400935949684,ACEBUTOLOL ARW 200MG CPR 30,173.11,48,3.6064583333333338
3400937039086,"ENALAPRIL HCTZ TVC 20/12,5MG CPR 28",173.4,64,2.709375
3400930037867,ROSUVASTATINE ALT 10MG CPR 90,173.96,13,13.381538461538462
3400936457898,CETIRIZINE TVC 10MG CPR 15,174.07999999999998,189,0.921058201058201
3400930181782,"ALPRAZOLAM VTS 0,50 MG CPR 30",174.49,125,1.39592
3400930081679,ETORICOXIB KRK 30 MG CPR 28,175.43,119,1.4742016806722689
3400930030035,PREGABALINE ALT 150 MG GELULE 56,175.5,13,13.5
3400926644482,REPAGLINIDE KRKA 2 MG CPR 90,175.56,28,6.2700000000000005
3400932637058,LACTULOSE BIP 10G/15ML SOL BUV SAC 20,176.33,76,2.3201315789473687
3400927818172,OMEPRAZOLE ZTL 20MG GELULE 28,176.54000000000002,70,2.5220000000000002
3400949399550,OLANZAPINE ZTL 10MG CPR 28,176.86,17,10.403529411764707
3400937726771,AZITHROMYCINE TVC 250MG CPR 6,177.36,31,5.7212903225806455
3400930166703,"ALPRAZOLAM HCS 0,50MG CPR 30",178.20000000000002,122,1.460655737704918
3400930107195,LANSOPRAZOLE ADS PH 30MG GELULE 7,179.07999999999998,193,0.9278756476683937
3400949507214,PROCORALAN 5 MG CPR ADP PHL 56,179.3,12,14.941666666666668
3400937019675,PRAVASTATINE EVO 40MG CPR 28,179.4,53,3.3849056603773584
3400937411394,GABAPENTINE SDZ 300MG GELULE 90,180.59,11,16.417272727272728
3400937123563,"RAMIPRIL ZEN 1,25MG CPR 90",181.8,23,7.904347826086957
3400928099723,TUBERSOL INJ FL10DOS 10,181.85000000000002,35,5.195714285714287
3400937540995,"AMOX/AC CLAV TVS 500/62,5MG CPR AD 24",182.01,44,4.136590909090909
3400949000098,NA,183.60999999999999,14,13.114999999999998
3400927593215,DICLOFENAC ZEN 1% GEL TB 100G 1,184.44,153,1.2054901960784314
3400949000791,COVERAM 5MG/5MG CPR (AIP) (PLA PL) 90,184.52,13,14.193846153846154
3400930011867,"PROHANCE 4748,1MG SOL INJ SER + NEC 1",184.63,5,36.926
3400949002016,CLOBEX 500 MICROG/G SH (AIP) (PLA) 1,185.25,20,9.2625
3400937515573,LOSARTAN ACC 100MG CPR 30,186.55,60,3.109166666666667
3400930046760,GLICLAZIDE MYP LM 60MG CPR 30,186.59,67,2.784925373134328
3400934304392,POTASSIUM GLUCONATE H2 SIROP 250ML 1,186.73,122,1.5305737704918032
3400934130106,MOPRAL 10 MG GELULE 28,187.51,52,3.605961538461538
3400949001231,NA,188.28,19,9.909473684210527
3400936336681,PARACETAMOL ARW 1G CPR EFF 8,188.62,178,1.0596629213483146
3400922233888,ACARBOSE ARL 100MG CPR 90,188.96,13,14.535384615384617
3400930003985,LIDOCAINE/PRILOCAINE TVC 5% CREME 1,189.18,74,2.5564864864864867
3400949960194,AMOROLFINE SDZ 5% VERNIS MED 1,189.65,49,3.8704081632653065
3400949000159,COVERAM 5MG/10MG CPR (AIP)(MWI) (PL) 90,190.85000000000002,13,14.680769230769233
3400937654821,FIXICAL VITAMINE D3 500 MG/400UI CPR 180,190.99,18,10.610555555555557
3400949004683,LIPTRUZET 10 MG/20MG CPR (AIP)(BBF) 30,191.79,11,17.435454545454544
3400935731043,MOLSIDOMINE ARW 2MG CPR 90,192.34,37,5.198378378378378
3400933771072,XENETIX 350 SOL INJ FL 20ML 1,192.73,37,5.2089189189189185
3400930189764,VENLAFAXINE VTS LP 75MG GELULE 30,193.25,41,4.713414634146342
3400934239076,NUTRIVISC 20MG COLLYRE UNIDOSE 30,194.03,71,2.7328169014084507
3400933764098,TADENAN 50MG CAPSULE 60,194.66,17,11.450588235294118
3400930168349,PARACETAMOL ACC 500MG CPR EFF 16,194.70999999999998,192,1.0141145833333332
3400922165660,IRBESARTAN BGA 150MG CPR PELL 30,194.82,60,3.247
3400926644192,"REPAGLINIDE KRKA 0,5 MG CPR 270",195.14,11,17.74
3400938525540,PRADAXA 75 MG GELULE 10,195.87,50,3.9174
3400930098806,ALEND AC /D3 ARW 70 MG/ 5600 UI CPR 12,196.09,17,11.534705882352942
3400930268780,ZAMUDOL LP 100MG GELULE 10,197.28,108,1.8266666666666667
3400921770278,"BENAZEPRIL HCTZ ARW 10/12,5MG CPR 90",197.96,23,8.60695652173913
3400949005734,NA,198.13,12,16.510833333333334
3400930222485,"AC GADOTERIQUE GEB 0,5MMOL/ML SER20A 1",198.94,8,24.8675
3400930289334,NA,199.5,30,6.65
3400949512645,PLAVIX 75MG CPR (ADP) (ITT) 30,199.63,17,11.742941176470588
3400934031649,HELICIDINE 10% SIROP FL 250ML 1,200.02,237,0.8439662447257384
3400933341091,"ICAZ LP 2,5MG GELULE 30",202.05,18,11.225000000000001
3400930194607,CELESTENE 4 MG SOL INJ 3,202.39,87,2.3263218390804594
3400927704697,EBASTINE ARW 10 MG CPR ORODISP 30,202.63,144,1.4071527777777777
3400930306048,NA,203.27999999999997,25,8.1312
3400927518805,FLUVASTATINE ACC LP 80MG CPR 30,203.61,54,3.7705555555555557
3400930056882,PREGABALINE BGR 25 MG GELULE 56,204.07,48,4.251458333333333
3400930103951,EZETIMIBE ZEN 10MG CPR 30,204.54,18,11.363333333333333
3400930117699,FENTICONAZOLE BLL CREME TUBE 15G 1,205.01999999999998,296,0.6926351351351351
3400941714603,MILNACIPRAN ARW 25MG GELULE 56,205.16000000000003,48,4.274166666666667
3400934713842,"INDAPAMIDE ZYD LP 1,5MG CPR 30",205.97,55,3.7449090909090907
3400930095874,REPAGLINIDE EG 2MG CPR 270,206.67,12,17.2225
3400939145228,PANTOPRAZOLE ZYD 20MG CPR 28,207.95,62,3.354032258064516
3400935528698,"LACRIFLUID 0,13% COLLYRE 1",208.4,105,1.9847619047619047
3400921849844,RABEPRAZOLE ARG 20MG CPR 14,208.49,133,1.567593984962406
3400938729535,"NICOPASS 2,5MG PAST RE M SS SUCRE 96",208.88000000000002,32,6.527500000000001
3400930266199,ATORVASTATINE LABO ALTER 10 MG CPR 90,209.94,24,8.7475
3400949000340,SINGULAIR 10MG CPR (AIP) (MWI) 28,210.17,32,6.5678125
3400934891021,"ALPRAZOLAM BGA 0,25MG CPR 30",211.32999999999998,204,1.0359313725490196
3400930187845,OPTIJECT 300 SOL INJ SER + P 100ML O 1,211.69,8,26.46125
3400936381056,AMISULPRIDE ARW 100MG CPR 30,212.20999999999998,24,8.842083333333333
3400935829597,"ALPRAZOLAM EVO 0,50MG CPR 30",213.19,181,1.1778453038674033
3400938049282,MANIDIPINE SDZ 20MG CPR 90,213.45000000000002,18,11.858333333333334
3400930250495,VILDAGLIP/MET ACC 50/1000 MG CPR 60,214.08,24,8.92
3400937827300,LANSOPRAZOLE ZYD 15MG GELULE 30,214.35000000000002,55,3.897272727272728
3400939752976,SERTRALINE CRT 25MG GELULE 7,216.22,214,1.010373831775701
3400930300176,NA,218.15,25,8.726
3400927406812,OPTIMIZETTE 75 MCG CPR 28,218.57999999999998,213,1.0261971830985914
3400930026175,ARIPIPRAZOLE BGR 15 MG CPR ORODISP 28,218.62,15,14.574666666666667
3400921742763,ATORVASTATINE BGR 40 MG CPR 90,219.64,21,10.459047619047618
3400936388840,NA,220.59,609,0.36221674876847293
3400934207259,CLOMIPRAMINE MYL 10MG CPR 60,220.6,128,1.7234375
3400949397488,ATORVASTATINE ALM 20MG CPR 30,220.7,64,3.4484375
3400935941411,TRANSACALM 100MG CPR 30,221.6,227,0.9762114537444934
3400930192894,MIDODRINE VIATRIS 2.5 MG 30,222.27999999999997,43,5.169302325581395
3400921852165,RABEPRAZOLE ZYD 10MG CPR 14,222.28,145,1.5329655172413794
3400930028643,"ALMOTRIPTAN ZEN 12,5MG CPR 6",222.55,48,4.636458333333334
3400932425549,ERY 250MG ENF GRANULES SACHET 24,222.63,128,1.739296875
3400930276105,NA,224.11,87,2.575977011494253
3400949004782,KAYEXALATE PDR SUSP ORALE/RECTALE 1,224.29,11,20.39
3400936711372,LISINOPRIL ARW 20MG CPR 28,227.22000000000003,74,3.070540540540541
3400927886997,TRAVOPROST BGR 40 MCG/ML COLLYRE 1,227.68,56,4.065714285714286
3400949004225,VENTOLINE 100MCG SUSP INH (AIP)(PHL) 1,228.29,86,2.65453488372093
3400941694059,RISEDRONATE ACC 75MG CPR 6,228.59,11,20.78090909090909
3400937932837,XELEVIA 50 MG CPR 28,228.60999999999999,15,15.240666666666666
3400949014095,NEURONTIN 300MG GELULE (AIP) (BB) 90,228.69,14,16.335
3400937242530,ENALAPRIL VIATRIS 20 MG CPR 84,230.02999999999997,29,7.9320689655172405
3400926644543,REPAGLINIDE KRKA 2 MG CPR 270,230.62,13,17.740000000000002
3400939838885,REPAGLINIDE EG 1MG CPR 270,230.62,13,17.740000000000002
3400932924400,DUPHALAC 10 G/15 ML SOL BUV SACHET 20,230.65,145,1.590689655172414
3400928099945,SOLUMEDROL 125MG PDR ET SOL INJ 1,230.84000000000003,72,3.2061111111111114
3400949000579,PERMIXON 160 MG GELULE (AIP MWI BG) 180,231.82000000000002,16,14.488750000000001
3400926943202,"FROVATRIPTAN VTS 2,5 MG CPR 2",233.66,142,1.6454929577464787
3400936803435,"AMOX/AC CLAV SUN 100/12,5 MG/ML 1",235.06,82,2.8665853658536586
3400921854466,RABEPRAZOLE ZYD 20MG CPR 14,235.88,151,1.5621192052980133
3400934507328,"PERINDOPRIL INDAP ARL 4MG/1,25MG CPR 30",236.82999999999998,76,3.1161842105263156
3400930137888,DIAZEPAM ACC 5 MG CPR 40,238.42,289,0.8249826989619377
3400949002009,VENTOLINE 100MCG SUSP INH (AIP)(PLA) 1,241.99,96,2.520729166666667
3400938339994,BETAHISTINE ARW 24MG CPR 60,243.70000000000002,81,3.008641975308642
3400931608851,TANGANILPRO 500 MG CPR 30,244.18,133,1.8359398496240602
3400936080386,GADOVIST 1MMOL/ML SOL INJ SER 15ML 1,244.8,1,244.8
3400933333928,ICAZ LP 5MG GELULE 30,245.26,16,15.32875
3400931906339,ARTHROCINE 100MG CPR 40,245.57999999999998,76,3.231315789473684
3400949004577,LIPTRUZET 10 MG/10 MG CPR (AIP) 30,246.72,15,16.448
3400937359436,PRAVASTATINE BGA 40MG CPR 84,246.75,24,10.28125
3400949000890,PERMIXON 160MG GELULE (AIP BBF SRL) 60,247.67,33,7.505151515151515
3400937718509,NA,253.46,13,19.49692307692308
3400930213254,PREGABALINE ALT 25 MG GELULE 56,253.89000000000001,67,3.789402985074627
3400949502820,"TRAVATAN 0,004% COLLYRE 2,5ML (ADP) 1",254.15000000000003,63,4.034126984126985
3400930085219,PREGABALINE ZTK 200 MG GELULE 84,254.81,12,21.234166666666667
3400930119099,LACOSAMIDE ACC 50MG CPR 14,255.31,78,3.273205128205128
3400928099877,VAXIGRIPTETRA SUSP INJ SER 0.5ML A/A 10,255.97,130,1.969
3400926954376,OMEPRAZOLE SUN 20MG GELULE 28,256.57,89,2.8828089887640447
3400931025863,SYNACTHENE RETARD 1 MG SUSP INJ 1,256.66999999999996,35,7.33342857142857
3400926955847,LANSOPRAZOLE ZYF 30MG GELULE 14,257.01,155,1.6581290322580644
3400930019320,PREGABALINE SDG 300 MG GELULE 56,257.98999999999995,16,16.124374999999997
3400939754000,SERTRALINE CRT 50MG GELULE 28,264.25,76,3.476973684210526
3400936874923,TETRAVAC ACELLULAIRE INJ 2AIG 1,264.88,31,8.544516129032258
3400933104399,PERINDOPRIL MYL 4 MG CPR 90,265.07000000000005,28,9.466785714285717
3400930080528,"BISOPROLOL QUIVER LAB 3,75 MG, CPR 30",266.39,69,3.8607246376811593
3400949000531,VOLTARENE LP 75MG CPR (AIP) (MWIES) 30,266.61,71,3.7550704225352116
3400931153184,XYLOCAINE 10MG/ML INJ AB 5ML 1,267.35,291,0.9187285223367698
3400938997682,CITALOPRAM ALT 20MG CPR 28,269.39,82,3.2852439024390243
3400930233092,NA,271.07,21,12.908095238095237
3400927442599,FLUARIXTETRA SUSP INJ SER VACCI 1,271.43,35,7.755142857142857
3400921720471,CANDESARTAN ARW 16MG CPR 30,272.77,83,3.2863855421686745
3400939323947,VALACICLOVIR EG LABO 500MG CPR 10,273.29,47,5.81468085106383
3400921769678,"BENAZEPRIL HCTZ ARW 10/12,5MG CPR 30",273.43,89,3.072247191011236
3400934232732,CYPROTERONE BGA 50MG CPR 20,273.47999999999996,34,8.043529411764705
3400930281789,BILASTINE ZYDUS 20MG CPR 10,277.01,657,0.4216286149162861
3400930192900,MIDODRINE VIATRIS 2.5 MG 90,277.71999999999997,18,15.428888888888887
3400936055834,CIPROFIBRATE BGA 100MG GELULE 30,279.24,106,2.6343396226415097
3400930085233,PREGABALINE ZTK 300 MG GELULE 56,280.1,16,17.50625
3400922448701,VALSARTAN KRK 40MG CPR 30,280.64000000000004,82,3.4224390243902443
3400933056391,HELMINTOX 250MG CPR 3,280.65999999999997,232,1.2097413793103446
3400932681570,OMNIPAQUE 300MG INJ FV 10ML 1,282.65,113,2.5013274336283184
3400930017531,LEVONOR/ETHINYL BGA 100/20MICROG CPR 21,282.97,246,1.1502845528455286
3400927713972,"BROMAZEPAM ARW 1,5MG CPR 120",283,173,1.6358381502890174
3400930099254,ALEND AC /D3 PHT 70 MG/ 5600 UI CPR 12,286.65000000000003,21,13.650000000000002
3400927626654,CAPECITABINE BGA 150 MG CPR 60,287.3,13,22.1
3400939838366,"REPAGLINIDE EG 0,5MG CPR 270",288.52,16,18.0325
3400930266250,ATORVASTATINE LABO ALTER 80 MG CPR 90,288.67,26,11.102692307692308
3400938112139,LANSOPRAZOLE ALM 30MG GELULE 28,289.67,85,3.4078823529411766
3400937426992,PAROXETINE EVO 20MG CPR 14,289.96000000000004,157,1.8468789808917199
3400949765256,OMEPRAZOLE EGG 10MG GELULE 28,290.57,119,2.441764705882353
3400939024479,CODOLIPRANE 500/30MG CPR EFF 16,291.71,199,1.4658793969849244
3400921764246,"OXOMEMAZINE ZTL 0,33MG/ML SOL BUV 1",292.48,711,0.41136427566807315
3400937515924,LOSARTAN ACC 100MG CPR 90,295.37,34,8.68735294117647
3400936790964,GAVISCON MENTHE CPR 20,296.05,447,0.6623042505592841
3400949005130,VENTOLINE 100MCG SUSP INH AIP DIFARM 1,296.74,118,2.5147457627118643
3400930136508,SPIRONOLACTONE BGA 50 MG CPR 30,298.65,104,2.871634615384615
3400926965204,QUETIAPINE ARW LP 300MG CPR 30,298.77,19,15.724736842105262
3400949501410,FOSAVANCE 70MG/2800UI CPR (ADP) MEDW 12,298.78,28,10.670714285714284
3400930181775,"ALPRAZOLAM VTS 0,25MG CPR 30",301.71,287,1.0512543554006968
3400949004614,VENTOLINE 100MCG /DOSE SUSP INH FL 1,301.99,127,2.3778740157480316
3400937910255,"AMOX/AC CLAV ZTK 100MG/12,5MG/ML ENF 1",302.85,96,3.1546875
3400939220710,EFFENTORA 100MICROG CPR GINGIVAL 4,303.15000000000003,36,8.420833333333334
3400938828511,"ENALAPRIL HCTZ TVC 20/12,5MG CPR 90",303.27,33,9.19
3400930268070,TRAMADOL CRT LP 200MG CPR 10,303.62,133,2.282857142857143
3400930204412,SITAGLIPTINE HCS 50 MG CPR 28,304.72,40,7.618
3400922085265,LEFLUNOMIDE VIATRIS 20MG CPR 30,306.82,12,25.56833333333333
3400926951306,OMEPRAZOLE SUN 10MG GELULE 14,307.99,239,1.288661087866109
3400933103279,PERINDOPRIL ARG 2MG CPR 30,308.82,77,4.01064935064935
3400930219980,"DOTAREM 0,5MMOL/ML SOL SER DISP 1",309.81,10,30.981
3400949929610,IBUPROFENE EVO 400 MG CPR PELL 30,310.45000000000005,233,1.332403433476395
3400934483561,LAMICTAL 5 MG CPR DISP 30,311.23,113,2.7542477876106197
3400941714313,MILNACIPRAN ARW 50MG GELULE 56,311.48,69,4.5142028985507245
3400949004706,LIPTRUZET 10 MG/40MG CPR (AIP)(BBF) 30,311.53,18,17.307222222222222
3400949500987,AZOPT 10MG/ML COLLYRE FL 5ML (ADP1) 1,312.56,102,3.064313725490196
3400937516983,LOSARTAN ITA 50MG CPR 90,312.74,43,7.273023255813953
3400921921793,PRAVASTATINE EVO 20MG CPR 84,314.3,32,9.821875
3400937737548,"AMOX/AC CLAV BGR 100MG/12,5MG/ML 1",314.41,186,1.6903763440860216
3400937759540,RISPERIDONE ZEN 2MG CPR 60,314.7,20,15.735
3400941746888,ATORVASTATINE EVO 20MG CPR 90,315.5,35,9.014285714285714
3400949500208,NA,316.48999999999995,16,19.780624999999997
3400938831580,METFORMINE ZYF 850MG CPR 90,317.08,58,5.466896551724138
3400949506491,UROREC 8 MG GELULE (ADP) (IR) 30,318.72,76,4.193684210526317
3400930162521,ENALAPRIL ARL 5MG CPR 90,318.88,54,5.905185185185185
3400930090978,OMNIPAQUE 350MG INJ FP TUB 100ML 1,320.5,12,26.708333333333332
3400930161913,FEBUXOSTAT ACC 120MG CPR 28,320.9,43,7.462790697674418
3400926766351,PANTOPRAZOLE ZYF 40MG CPR 7,324.2,390,0.8312820512820512
3400935613318,GLUCOSE 5% AGT SOL INJ POC 250ML 1,324.93,183,1.7755737704918033
3400933903619,STILNOX 10MG CPR 7,325.16,829,0.3922316043425815
3400927585401,ATORVASTATINE VTS 80MG CPR 90,326.02,30,10.867333333333333
3400949502301,PLAVIX 75MG CPR (ADP) 30,326.03999999999996,31,10.517419354838708
3400930087916,SOLIFENACINE BGA 5MG CPR 30,326.16,80,4.077
3400930035269,ATORVASTATINE ARG 10 MG CPR 90,327.58,91,3.59978021978022
3400935626325,SULPIRIDE VIATRIS 200MG CPR 12,328.55,129,2.5468992248062015
3400930085172,PREGABALINE ZTK 50 MG GELULE 84,330.97999999999996,40,8.2745
3400930276099,TRAMADOL ZYD LP 100MG CPR 10,331.73,238,1.3938235294117647
3400933498269,"NOVATREX 2,5MG CPR 12",333.32,139,2.397985611510791
3400930213261,PREGABALINE ALT 25 MG GELULE 84,334.34000000000003,61,5.480983606557378
3400949510405,KEPPRA 500MG CPR (ADP) (ITP) 60,335.02,16,20.93875
3400937255318,RAMIPRIL BGA 10MG CPR 30,335.25,95,3.528947368421053
3400930082102,"DUTASTERIDE ARW 0,5 MG CAPSULE 30",335.4,100,3.3539999999999996
3400927637131,ULTRAVIST 370 SOL INJ SER 150ML NEC 1,338.33,12,28.194166666666664
3400930130919,EZETIMIBE/SIMVAST TVC 10MG/20MG CPR 90,338.33,10,33.833
3400930268063,TRAMADOL CRT LP 150MG CPR 10,338.63,182,1.8606043956043956
3400930160893,METFORMINE ALM 500MG CPR 30,339.08,196,1.73
3400936112766,AMOXICILLINE TVC 500MG GELULE 12,340.36,324,1.0504938271604938
3400936015104,SOTALOL ARW 80MG CPR 30,340.55,159,2.141823899371069
3400935817303,"ALPRAZOLAM EVO 0,25MG CPR 30",342,389,0.8791773778920309
3400938117042,LANSOPRAZOLE EG 30MG GELULE 7,342.74,362,0.9467955801104972
3400949510863,KEPPRA 1000MG CPR (ADP) (PLA) 60,345.17,15,23.011333333333333
3400935833969,LACTULOSE ZYD 10G SOL BUV SAC 20,346.21,162,2.1370987654320985
3400926994297,IOMERON 400 SOL INJ FL 150ML SMC 1,347.81,8,43.47625
3400936076136,PIROXICAM VIATRIS 20MG GELULE 15,348.07,394,0.8834263959390862
3400937933087,XELEVIA 100 MG CPR 28,348.46999999999997,24,14.519583333333332
3400927381935,TERBUTALINE SDZ 5MG/2ML SOL INHAL 50,349.01,42,8.309761904761904
3400930206164,"DOTAREM 0,5 MMOL/ML INJ SER 15ML+CAT 1",349.28999999999996,13,26.868461538461535
3400930187876,OPTIJECT 350 SOL INJ SER + P 100ML O 1,351.07,11,31.915454545454544
3400930080412,"BISOPROLOL QVL 2,5 MG CPR 30",351.26,91,3.86
3400938613988,"NARATRIPTAN TVC 2,5MG CPR 6",351.69,81,4.341851851851851
3400921760453,"DESLORATADINE GNR 0,5MG/ML BUV 150ML 1",352.59,516,0.6833139534883721
3400949024261,COVERAM 10MG/10MG CPR (AIP) (BBACZ) 90,355.33,20,17.7665
3400935850249,XYZALL 5MG CPR 14,355.98,369,0.9647154471544716
3400930894668,RADIOSELECTAN U 30% SOL INJ 1,356.64,34,10.489411764705881
3400939220949,EFFENTORA 200MICROG CPR GINGIVAL 4,357.26,43,8.308372093023255
3400935856333,MIFLONIL 400 MICROG PDR INH GELULE 60,362.14,36,10.059444444444445
3400936677272,CITALOPRAM ARW 20MG CPR 28,363.46,107,3.3968224299065417
3400949000906,PERMIXON 160MG GELULE (AIP BBF SRL) 180,365.40999999999997,20,18.2705
3400926903169,NICOTINE EG 4MG GOMME MENT SS SUCRE 108,366.96,47,7.807659574468085
3400939146577,PANTOPRAZOLE ZYD 40MG CPR 28,367.86,105,3.5034285714285716
3400935684516,AMOXICILLINE MYL 1G CPR DISP 6,369.23,277,1.3329602888086642
3400927519284,FLUVASTATINE ACC LP 80MG CPR 90,372.08000000000004,36,10.335555555555556
3400936393172,AMISULPRIDE MYL 200MG CPR 60,373.07,11,33.915454545454544
3400936215535,NA,377.15999999999997,1047,0.3602292263610315
3400933851309,TRUSOPT 20 MG/ML COLLYRE FL 5ML HD 1,377.57,115,3.2832173913043476
3400936456549,ZOLPIDEM ALM 10MG CPR 7,378.08,729,0.5186282578875171
3400949003426,"DECAPEPTYL 0,1 MG PDR SOL INJ AIPBBF 7",378.3,13,29.1
3400934545818,FEXOFENADINE ZTV 120MG CPR 15,378.46,427,0.8863231850117096
3400935298478,NA,380.3,1166,0.3261578044596913
3400922197319,ESOMEPRAZOLE HCS 20MG GELULE 7,380.58,449,0.8476169265033408
3400930143841,ROSUVASTATINE ALT 20MG CPR 30,381.63,74,5.157162162162162
3400922490403,RABEPRAZOLE ARW 20MG CPR 28,382.78,121,3.163471074380165
3400949004249,SERETIDE DISKUS 100/50MICROG PDR AIP 60,384.15,30,12.805
3400933604370,CLIMENE CPR 21,384.74,77,4.9966233766233765
3400930461327,CLARITHROMYCINE ARW LM 500MG CPR 5,385.44,133,2.898045112781955
3400930082416,METOPROLOL ARL 100MG CPR 90,386.48,89,4.3424719101123594
3400949506552,NA,386.71999999999997,25,15.468799999999998
3400949929559,IBUPROFENE EVO 400 MG CPR PELL 20,388.59000000000003,390,0.9963846153846154
3400921720822,CANDESARTAN ARW 16MG CPR 90,390.6,43,9.083720930232559
3400930262061,ZOLPIDEM VIATRIS 10MG CPR 5,390.94,1427,0.2739593552908199
3400930143872,ROSUVASTATINE ALT 20MG CPR 90,391.02,28,13.965
3400926857004,MONTELUKAST ACC 4MG CPR CROQ 28,391.91,62,6.321129032258065
3400928024886,PARACETAMOL EVO 500 MG GELULE 16,392.39,467,0.8402355460385439
3400933468453,NICOTINELL TTS 21 MG/24H DISP TRANSD 7,393.15,106,3.708962264150943
3400930257180,ATORVASTATINE LABO ALTER 80 MG CPR 30,394.15999999999997,112,3.519285714285714
3400936746213,MIANSERINE ZEN 10MG CPR 30,397.53999999999996,203,1.9583251231527092
3400949700202,RABEPRAZOLE TEVA 10MG CPR 28,397.65999999999997,121,3.2864462809917354
3400926994129,IOMERON 400 SOL INJ FL 100ML SMC 1,398.35,15,26.55666666666667
3400928099839,VALIUM 10MG CPR 30,400.2,390,1.0261538461538462
3400949004034,"IXPRIM 37,5MG/325MG CPR (AIP BBF) 1",401.28,185,2.1690810810810808
3400926911324,GLICLAZIDE TVC LM 60MG CPR 90,402.37,51,7.889607843137255
3400930077252,RUPATADINE EG 10 MG CPR 15,402.37,724,0.5557596685082873
3400938250374,PHLOROGLUCINOL BGA 80MG CPR DISP 10,403.99,547,0.7385557586837295
3400926957278,LANSOPRAZOLE ZYF 15MG GELULE 15,407.77,229,1.780655021834061
3400935607744,"ZALERG 0,25MG/ML COLLYRE UNIDOSE 30",409.21,326,1.2552453987730061
3400927607035,TRAMADOL/PARACETAMOL ARW CPR EFF 20,409.96999999999997,254,1.614055118110236
3400932934744,PENTASA 1G/100ML SUSP RECTALE 5,411.27,29,14.181724137931035
3400931419136,PIPORTIL 10 MG CPR 20,412.34000000000003,36,11.45388888888889
3400949245635,RISEDRONATE BGR 35MG CPR 12,412.53,20,20.6265
3400938436679,ANASTROZOLE ZEN 1MG CPR 30,414.71999999999997,13,31.901538461538458
3400937397407,FENOFIBRATE ARW 200MG GELULE 90,414.89,36,11.524722222222222
3400939200668,FENTANYL BGA 50MICROG/H DISP TRANSD 5,418.28,24,17.42833333333333
3400930227244,CLOZAPINE ZEN 100MG CPR 28,419.33,44,9.530227272727272
3400949100644,"PERINDOPRIL INDAP KRK 2/0,625MG CPR 30",420.24,127,3.308976377952756
3400922163079,IRBESARTAN BGA 75MG CPR PELL 30,421.87,123,3.4298373983739836
3400930085202,PREGABALINE ZTK 150 MG GELULE 56,423.5,27,15.685185185185185
3400937428835,"AMOX/AC CLAV ZEN 500/62,5 CPR 24",427.03000000000003,104,4.106057692307693
3400933341961,AMLODIPINE PFZ 10MG GELULE 30,431.38,133,3.243458646616541
3400939320694,PANTOPRAZOLE MYP 20MG CPR 28,433.71,145,2.991103448275862
3400949003327,NOZINAN 25MG CPR AIP BBF 20,436.48,142,3.0738028169014084
3400930235546,ENALAPRIL ACC 5MG CPR 30,441.6,190,2.3242105263157895
3400926994938,IOMERON 350 SOL INJ FL 100ML SMC 1,442.28,18,24.571111111111108
3400932670345,"NAAXIA 4,9% COLLYRE FL 10ML 1",444.19,218,2.0375688073394493
3400937630009,PRAVASTATINE ALT 40MG CPR 28,446.65,121,3.6913223140495868
3400949001293,CLOBEX 500 MICROG/G SH (AIP BBFARMA) 1,451,59,7.6440677966101696
3400935629395,DOXYPALU 100MG CPR 28,453.49,71,6.387183098591549
3400930149201,ALGINATE BICAR SODIUM ARW SACH 10ML 24,453.81,453,1.0017880794701988
3400921921045,PRAVASTATINE EVO 10MG CPR 28,455.09000000000003,155,2.9360645161290324
3400939065922,FINASTERIDE ALT 5MG CPR 28,455.36,80,5.692
3400930305898,NA,460.23,27,17.045555555555556
3400949510634,KEPPRA 500MG CPR (ADP) (PLA) 60,461.85,20,23.0925
3400936443471,AMISULPRIDE MYL 100MG CPR 30,463.47,54,8.582777777777778
3400936906143,"MORPHINE CHL AGT 0,5 MG INJ 10",464.66,108,4.302407407407408
3400934016790,NA,468.96999999999997,221,2.1220361990950223
3400938213874,AZITHROMYCINE ARW 250MG CPR 6,471.16,87,5.415632183908047
3400949501649,AZOPT 10MG/ML COLLYRE FL 5ML (ADP2) 1,471.73,156,3.0239102564102565
3400930026151,ARIPIPRAZOLE BGR 10 MG CPR ORODISP 28,472.33000000000004,31,15.236451612903227
3400930184684,METFORMINE ALM 500MG CPR 90,473.69,110,4.306272727272727
3400930031896,PREGABALINE EVO 25 MG GELULE 56,476.62,131,3.638320610687023
3400922137926,ROPINIROLE ZEN LP 2MG CPR 28,476.63,80,5.957875
3400927738357,CELECOXIB HCS 100MG GELULE 30,477.52,244,1.9570491803278687
3400935524676,INFANRIXTETRA IM SUSP INJ 1,478.12,56,8.537857142857144
3400936146655,DILTIAZEM TVC LP 120MG GELULE 28,478.82,196,2.4429591836734694
3400930005286,"ALMOTRIPTAN ZYD 12,5MG CPR 6",479.36,105,4.565333333333333
3400932829446,SIBELIUM 10MG CPR 30,479.61,185,2.5924864864864867
3400937909655,ALLOPURINOL SUN 300MG CPR 28,481.85,302,1.5955298013245034
3400937803694,NICORANDIL ZEN 20 MG CPR 30,482.36,79,6.105822784810127
3400930082270,METOPROLOL ARL 50MG CPR 30,482.61,404,1.1945792079207922
3400936743311,BETAHISTINE ZEN 8MG CPR 90,482.83000000000004,166,2.9086144578313253
3400930083468,"MONOPROST 0,005% COLLYRE SOLUTION 1",482.85,21,22.992857142857144
3400941774393,"TAMSULOSINE VIATRIS LP 0,4MG CPR 30",484.73,217,2.233778801843318
3400933341671,AMLODIPINE PFZ 5MG GELULE 30,486.15,144,3.3760416666666666
3400922197609,ESOMEPRAZOLE HCS 40MG GELULE 14,487.95,313,1.5589456869009584
3400939803296,GLUCOSE LAV 10% SOL INJ FP 250ML 1,492.47,269,1.830743494423792
3400949005758,NA,495.65000000000003,11,45.05909090909091
3400949023431,COVERAM 5MG/5MG CPR (AIP) (BBA CZ) 90,496.56999999999994,34,14.604999999999999
3400930012093,RETACRIT 1 000 UI SOL INJ SER + D 6,499.22999999999996,21,23.77285714285714
3400935905970,FLUOXETINE ARW 20MG GELULE 14,501.05,275,1.822
3400930138113,DIAZEPAM ACC 10 MG CPR 30,501.31,465,1.0780860215053762
3400930206188,"DOTAREM 0,5 MMOL/ML INJ SER 15ML+ADM 1",501.39,22,22.790454545454544
3400949855018,JEXT 300 MCG SOL INJ STYLO 1,506.94,24,21.1225
3400939454511,"OLANZAPINE MYL 7,5MG CPR 28",510.56,46,11.099130434782609
3400949002153,NA,511.12,32,15.9725
3400930089347,"IVABRADINE KRK 7,5 MG CPR 56",511.7,35,14.62
3400949242962,"ADAPALENE ZEN 0,1% CREME 1",514.87,443,1.162234762979684
3400934546297,FEXOFENADINE ZTV 180MG CPR 15,516.36,563,0.917158081705151
3400927585050,ATORVASTATINE VTS 40MG CPR 30,517.73,138,3.751666666666667
3400930085189,PREGABALINE ZTK 75 MG GELULE 56,517.96,58,8.930344827586207
3400937718677,CHAMPIX 1 MG CPR 56,519.56,14,37.11142857142857
3400938285215,VERSATIS 700MG EMPLATRE 5,521.6,57,9.150877192982456
3400936075474,"BISOPROLOL HCTZ ARW 5/6,25MG CPR 90",522.77,55,9.504909090909091
3400930060117,MOXIFLOXACINE BGA 400 MG CPR 5,526.39,111,4.7422522522522526
3400935153609,SULPIRIDE VIATRIS 50MG GELULE 30,529.89,297,1.784141414141414
3400933433093,"INNOHEP 2 500UI AXA/0,25ML SOL INJ 2",530.13,140,3.786642857142857
3400934130274,HYTRINE 5MG CPR 28,530.5699999999999,97,5.469793814432989
3400931939337,ORBENINE 500MG GELULE 16,531.73,153,3.475359477124183
3400922084893,LEFLUNOMIDE VIATRIS 10MG CPR 30,533.43,21,25.401428571428568
3400930307854,NA,533.77,62,8.609193548387097
3400938942163,DORZOLAMIDE BGA 2% COLLYRE 5ML 1,534.28,160,3.33925
3400949500451,"LUMIGAN 0,1 MG/ML COLLYRE (ADP MWI ) 1",535.57,122,4.389918032786886
3400932696888,LIPANOR 100MG GELULE 30,536.35,177,3.030225988700565
3400930237601,PERINDOPRIL AMLO PHARMAKI 8/5 CPR 1,539.71,64,8.43296875
3400939883199,LEVOFLOXACINE ARW 500MG CPR 5,540.8199999999999,77,7.023636363636363
3400930147511,AMLODIPINE/VALSART EVO 10/160MG CPR 30,540.9100000000001,89,6.077640449438203
3400930131961,BLEOMYCINE BLN 15MG PDR INJ 1,541.2,13,41.63076923076923
3400930019795,ETORICOXIB ZYF 30 MG CPR 28,541.5699999999999,345,1.5697681159420287
3400949004188,LETROZOLE SDZ 2.5MG CPR (AIP)(BBF) 30,542.6700000000001,15,36.178000000000004
3400921922226,PRAVASTATINE EVO 40MG CPR 84,547.88,58,9.446206896551724
3400933846855,VISIPAQUE 320MG/ML INJ FV 20ML 1,549.93,116,4.740775862068965
3400936746381,MIANSERINE ZEN 30MG CPR 30,551.11,144,3.827152777777778
3400930129548,PERINDOPRIL AMLO EG 8/5MG CPR 90,552.05,27,20.446296296296296
3400930054765,ROSUVASTATINE BGA 20MG CPR 30,552.48,109,5.068623853211009
3400932279807,"VITABACT 0,05% COLLYRE FL 10ML 1",553.03,1024,0.540068359375
3400937760430,RISPERIDONE ZEN 4MG CPR 30,553.73,67,8.264626865671643
3400930081778,ETORICOXIB KRK 60 MG CPR 28,554.15,239,2.3186192468619247
3400930279021,NA,555.52,11,50.50181818181818
3400930089170,ELETRIPTAN ZYD 40 MG CPR 10,560.16,74,7.56972972972973
3400934252891,"LACRYVISC 0,3% GEL OPH UNIDOSE 30",561.96,215,2.6137674418604653
3400937938860,FLUOXETINE ZEN 20MG CPR 28,564.41,176,3.2068749999999997
3400934549311,DOXY 100MG CPR 5,564.47,440,1.2828863636363637
3400930217849,EZETIMIBE/SIMVAST ACC 10MG/20MG CPR 30,565.11,40,14.12775
3400930189214,ROSUVASTATINE BGA 5MG CPR 30,568.08,124,4.581290322580646
3400930266526,NA,569.5699999999999,54,10.547592592592592
3400930233153,NA,572.88,19,30.15157894736842
3400930066539,ATORVASTATINE EVP 80MG CPR 90,573.9200000000001,51,11.253333333333336
3400938129748,METFORMINE CRT 1000MG CPR 30,574.95,286,2.0103146853146856
3400930081815,"OXOMEMAZINE CRT 0,33MG/ML SS SOL BUV 1",575.23,1492,0.38554289544235926
3400937970747,GABAPENTINE ARW 600MG CPR 90,576.53,24,24.02208333333333
3400931886075,IMODIUM 2MG GELULE 20,578.85,449,1.2891982182628063
3400936011311,DIVARIUS 20MG CPR 28,581.07,170,3.418058823529412
3400930217320,NA,581.9,150,3.8793333333333333
3400939541778,OMEPRAZOLE SDZ 20MG GELULE 28,582.64,207,2.8146859903381642
3400939257440,PANTOPRAZOLE KRK 40MG CPR 14,583.34,396,1.4730808080808082
3400936124714,BISOPROLOL BGA 10MG CPR PELL 30,585.01,150,3.9000666666666666
3400930299586,NA,589.5,452,1.3042035398230087
3400949506842,PLAVIX 75MG CPR (ADP) (MWI) 30,590.25,58,10.176724137931034
3400938526080,PRADAXA 110 MG GELULE 10,591.92,159,3.722767295597484
3400930115404,"TELMISARTAN/HCTZ ACC 40MG/12,5MG CPR 30",593.82,192,3.0928125000000004
3400930307991,NA,597.29,68,8.783676470588235
3400921722314,"LATANOPROST BGA 0,005% COLLYRE 1",598.29,123,4.864146341463415
3400930035405,ATORVASTATINE ARG 20 MG CPR 90,598.37,65,9.205692307692308
3400927750243,AMOX/AC CLAV SUN 1G/125MG AD SACH 12,601.08,143,4.203356643356644
3400933965532,TOLEXINE 100MG CPR 15,601.16,341,1.762932551319648
3400938117912,LANSOPRAZOLE TVS 30MG GELULE 7,601.41,660,0.9112272727272727
3400939324197,VALACICLOVIR EG LABO 500MG CPR 42,602.26,22,27.375454545454545
3400927803215,LEVETIRACETAM CRT 500MG CPR 60,602.3499999999999,33,18.2530303030303
3400922166261,IRBESARTAN BGA 150MG CPR PELL 90,603.26,71,8.496619718309859
3400930002926,RABEPRAZOLE ALT 10MG CPR 28,605.08,200,3.0254000000000003
3400927585340,ATORVASTATINE VTS 80MG CPR 30,608,163,3.7300613496932513
3400930252956,"PERINDOPRIL INDAP HCS 5/1,25MG CPR 30",608.14,190,3.200736842105263
3400930100868,ZONISAMIDE TVC 100 MG GELULE 56,610.05,45,13.556666666666665
3400937516693,LOSARTAN ITA 50MG CPR 30,610.25,210,2.905952380952381
3400921687491,ALFUZOSINE CRT LP 10MG CPR 30,610.5699999999999,104,5.870865384615384
3400930115626,TELMISARTAN/HCTZ ACC 80MG/25MG CPR 30,615.19,186,3.30747311827957
3400927750182,AMOX/AC CLAV SUN 1G/125MG AD SACH 8,615.51,239,2.575355648535565
3400921921915,PRAVASTATINE EVO 40MG CPR 28,617.4,169,3.653254437869822
3400927910524,DESLORATADINE EVO 5MG CPR 15,618.44,963,0.6422014537902389
3400930060124,MOXIFLOXACINE BGA 400 MG CPR 7,619,99,6.252525252525253
3400938307719,TIAPROFENIQUE AC ARW 100MG CPR 30,620.49,496,1.2509879032258064
3400937848350,NOVORAPID INNOLET 100U/ML INJ 0,621.39,22,28.245
3400930140024,TRAMADOL/PARACETAMOL ARW CPR EFF 20,622.7,428,1.454906542056075
3400931022961,SURMONTIL 25MG CPR 50,623.3000000000001,108,5.771296296296297
3400938473759,TRANDOLAPRIL VIATRIS 4MG GELULE 28,623.39,206,3.0261650485436893
3400930147481,AMLODIPINE/VALSART EVO 5MG/80MG CP 90,626.95,48,13.061458333333334
3400932129904,VAXIGRIP SUSP INJ 1,627.12,166,3.777831325301205
3400926995010,IOMERON 350 SOL INJ FL 150ML SMC 1,628.48,16,39.28
3400938267235,PARACETAMOL SUN 1G CPR 8,628.77,733,0.8578035470668486
3400939585543,VALACICLOVIR EVO 500MG CPR 10,628.99,93,6.763333333333334
3400930118832,EUTHYROX 25 MICROG CPR 100,629.55,494,1.2743927125506072
3400930145739,LEVOCETIRIZINE ZYD 5 MG CPR 14,631.47,788,0.8013578680203046
3400937082020,AVAXIM 160U SUSP INJ SER + AIG SEPAR 1,633.4399999999999,45,14.076444444444443
3400930300091,NA,638.79,78,8.189615384615385
3400930166420,"ALPRAZOLAM HCS 0,25MG CPR 30",643.1,575,1.1184347826086958
3400937719629,"TAMSULOSINE ARW LP 0,4MG GELULE 30",643.52,316,2.0364556962025318
3400935314420,"BISOCE 3,75MG CPR 30",646.14,168,3.8460714285714284
3400930139561,EZETIMIBE ARW 10MG CPR 28,648.56,57,11.378245614035087
3400939255439,PANTOPRAZOLE KRK 20MG CPR 14,651.81,457,1.4262800875273522
3400935005076,FIXICAL VITAMINE D3 500 MG/400UI CPR 60,655.91,154,4.259155844155844
3400949506781,XARELTO 10 MG CPR ADP 30,659.2900000000001,16,41.205625000000005
3400937539876,"ZOLMITRIPTAN ZYF 2,5MG CPR 6",660.64,149,4.433825503355704
3400927696091,DICLOFENAC CRT 1% GEL FL 100G 1,661.3399999999999,295,2.241830508474576
3400930010716,AMOXICILLINE VTS GEN 1G CPR DISP 14,666.4399999999999,244,2.7313114754098358
3400930116944,"BIOCIDAN 0,025% COLLYRE 1",666.61,1042,0.6397408829174664
3400935748652,PARACETAMOL /COD PFB 300MG/25MG CPR 16,668.9300000000001,560,1.1945178571428572
3400935659552,MIFLASONE 400 MICROG PDR INH GELULE 60,669.4200000000001,99,6.761818181818183
3400921741704,ATORVASTATINE BGR 20 MG CPR 90,669.76,72,9.302222222222222
3400921741292,ATORVASTATINE BGR 20 MG CPR 30,670.52,186,3.60494623655914
3400921815894,"LATANOPROST BGA 0,005% COLLYRE 3",670.77,58,11.565
3400937828598,LANSOPRAZOLE ARW 15MG GELULE 30,671.05,176,3.8127840909090907
3400936429635,CIFLOX 500MG CPR 12,671.33,84,7.99202380952381
3400930195574,DIVALCOTE 500MG CPR GASTRO R 90,671.8499999999999,30,22.394999999999996
3400936800243,SIMVASTATINE MYL 40MG CPR 28,672.12,206,3.2627184466019417
3400934806384,COSOPT 20MG/5MG/ML COLLYRE FL 5ML 1,672.31,151,4.452384105960265
3400938041019,PRAVASTATINE ALT 20MG CPR 84,672.6800000000001,73,9.214794520547946
3400926965723,QUETIAPINE ARW LP 400MG CPR 30,672.9300000000001,30,22.431
3400938993899,LANSOPRAZOLE KRK 15MG GELU 30,673.63,172,3.916453488372093
3400936224520,NA,673.97,27,24.961851851851854
3400934250071,EUROBIOL 25000U GELULE 90,676.6700000000001,30,22.55566666666667
3400936748682,SOTALOL ZEN 160MG CPR 30,676.9,274,2.4704379562043797
3400949002412,HYPERIUM 1MG CPR (AIP) (MWI) 30,677.54,145,4.672689655172413
3400930106860,LANSOPRAZOLE ALP 30MG GELULE 14,678.48,436,1.5561467889908258
3400930091869,"CLARISCAN 0,5MMOL/ML INJ SER 20ML 1",679.39,32,21.2309375
3400930099230,ALEND AC /D3 PHT 70 MG/ 5600 UI CPR 4,682.1099999999999,138,4.942826086956521
3400930147498,AMLODIPINE/VALSART EVO 5MG/160MG CPR 30,682.5,112,6.09375
3400921921564,PRAVASTATINE EVO 20MG CPR 28,682.83,207,3.298695652173913
3400935745989,ALLOPURINOL ARW 100MG CPR 28,686.55,750,0.9154
3400935895134,VOLTARENE EMULGEL 1% GEL FLACON 1,692.79,537,1.2901117318435753
3400930142783,CLARITHROMYCINE ACC 250MG CPR 10,694.27,245,2.8337551020408163
3400930257005,ATORVASTATINE LABO ALTER 20 MG CPR 30,699.3299999999999,200,3.49665
3400930101810,QUETIAPINE TVS LP 400 MG CPR 60,699.51,16,43.719375
3400930003060,RABEPRAZOLE ALT 20MG CPR 28,699.8399999999999,222,3.152432432432432
3400922285238,ATORVASTATINE VTS 80MG CPR 30,700.99,181,3.8728729281767955
3400937819084,ONDANSETRON BGA 8MG CPR DISP 4,701.8,76,9.234210526315788
3400930005248,CETIRIZINE BGA 10 MG CPR 15,703.96,490,1.4366530612244899
3400949702091,RABEPRAZOLE TVS 20MG CPR 28,704.15,200,3.52075
3400935684684,AMOXICILLINE MYL 1G CPR DISP 14,706.04,254,2.7796850393700785
3400949500505,AZILECT 1MG CPR BBPHARMA 30,711.1700000000001,19,37.43000000000001
3400937327848,M-M-RVAXPRO PDR & SOLV INJ 1,711.26,81,8.780987654320988
3400930307977,NA,711.83,220,3.2355909090909094
3400930149416,CLOZAPINE ACC 25MG CPR 14,713.39,393,1.8152417302798982
3400949023950,COVERAM 10MG/5MG CPR (AIP) (BBA CZ) 90,714.3399999999999,35,20.409714285714283
3400935991386,"ARTIREM 0,0025 MMOL/ML SOL INJ 1",717.53,25,28.7012
3400937729505,GABAPENTINE MYL 800MG CPR 90,722.46,32,22.576875
3400938230734,TRAMADOL ZTV LP 200MG CPR 10,730.27,301,2.4261461794019934
3400934628184,CEFPODOXIME VTS 100MG CPR 10,733.26,205,3.576878048780488
3400930066461,ATORVASTATINE EVP 10MG CPR 30,734.8000000000001,213,3.4497652582159626
3400930187869,OPTIJECT 300 SOL INJ SER + P 125ML O 1,734.8399999999999,25,29.393599999999996
3400936716865,FLUCONAZOLE ARW 100MG GELULE 7,735.69,61,12.060491803278689
3400938339017,BETAHISTINE SDZ 24MG CPR 60,735.75,269,2.7351301115241635
3400930002285,CONTRAMAL 50MG GELULE 30,737.5600000000001,269,2.7418587360594797
3400930062166,"ALPRAZOLAM BGA 0,50MG CPR 30",741.23,476,1.557205882352941
3400930081518,DICLOFENAC ARG 1% GEL TB 100G 1,742.23,468,1.5859615384615384
3400926857813,TRESIBA 200U/ML SOL INJ STYLO 2,744.47,20,37.2235
3400937714365,GARDASIL SUSP INJ 1,746.1700000000001,11,67.83363636363637
3400930000649,A313 50 000 UI CAPSULE 30,748.39,358,2.0904748603351955
3400936773936,BOOSTRIXTETRA SUSP INJ 0,752.3299999999999,50,15.046599999999998
3400949739523,XEROQUEL LP 50MG CPR 10,755.86,142,5.322957746478873
3400941558634,"VALSARTAN/HCTZ ZYD 160/12,5MG CPR 30",756.5600000000001,241,3.1392531120331952
3400933207977,CLARADOL CAFEINE 500MG/50MG CPR EFF 16,762.42,609,1.2519211822660097
3400927886829,XIGDUO 5MG/1000MG CPR 60,763.89,21,36.37571428571429
3400935233073,"SEBIPROX 1,5% SHAMPOOING 1",764.75,321,2.382398753894081
3400934081446,MOPRAL 20 MG GELULE GASTRO-RESIS 28,766.82,192,3.993854166666667
3400949503131,"GANFORT 0,3MG/ML + 5MG/ML COL UK ADP 1",769.72,149,5.165906040268457
3400930090961,OMNIPAQUE 350MG SOL INJ FP 150ML ULR 1,770.56,20,38.528
3400930180099,PREGABALINE ALT 100 MG GELULE 84,770.8499999999999,54,14.274999999999999
3400936749283,ZOLPIDEM ZENTIVA 10MG CPR 7,771,1940,0.3974226804123711
3400941689727,"CANDESARTAN/HCTZ HCS 8/12,5 CPR 30",771.66,262,2.945267175572519
3400922096032,TRAMADOL/PARACETAMOL BGA CPR 20,772.12,525,1.470704761904762
3400930030622,DULOXETINE ALT 30MG GELULE 28,775.86,214,3.625514018691589
3400922197487,ESOMEPRAZOLE HCS 20MG GELULE 14,778.39,509,1.5292534381139489
3400930103807,IVABRADINE ACC 7.5 MG CPR 56,779.25,54,14.430555555555555
3400934757846,DILTIAZEM BGA LP 120MG GELULE 28,783.71,317,2.4722712933753943
3400934802591,BUSPIRONE VIATRIS 10MG CPR 20,790.59,289,2.73560553633218
3400937910545,"AMOX/AC CLAV ZTK 500MG/62,5MG A 24",793.74,196,4.049693877551021
3400930078976,IRBESARTAN BGA 150MG CPR PELL 30,795.57,238,3.342731092436975
3400932985371,MODOPAR LP 125 (100MG/25MG) GELULE 60,798.36,101,7.9045544554455445
3400930645789,MALOCIDE 50MG CPR 20,799.71,90,8.885666666666667
3400930305867,NA,802.93,11,72.99363636363636
3400930066515,ATORVASTATINE EVP 40MG CPR 90,804.4100000000001,74,10.870405405405407
3400941988264,ATORVASTATINE EG 20 MG CPR 30,806.54,218,3.699724770642202
3400930163016,RISEDRONATE ZYF 75MG CPR 2,809.8299999999999,113,7.166637168141592
3400938908916,PERINDOPRIL EG 2MG CPR 30,810.1600000000001,256,3.1646875000000003
3400941987953,ATORVASTATINE EG 10 MG CPR 30,812.42,251,3.2367330677290833
3400949102884,"PERINDOPRIL INDAP KRK 4/1,25MG CPR 90",815.02,102,7.990392156862745
3400921879599,MORPHINE CHL REN 1000 MG INJ 1,816.25,69,11.829710144927537
3400930046333,QUETIAPINE ZEN LP 50 MG CPR 10,818.28,287,2.8511498257839722
3400933313128,MODOPAR 125 (100MG/25MG) CPR 60,818.55,117,6.996153846153846
3400927738586,ESCITALOPRAM TVC 5MG CPR 14,822.34,445,1.8479550561797753
3400933381943,DOLKO 60MG/2ML SOL BUV FL 90ML 1,829.0400000000001,927,0.8943257820927725
3400930310120,NA,835.8,11,75.98181818181818
3400934057144,TOCOLION 500MG CAPSULE 30,839.61,346,2.4266184971098266
3400937970518,GABAPENTINE ARW 800MG CPR 90,839.95,36,23.331944444444446
3400949004713,LIPTRUZET 10 MG/40MG CPR (AIP)(BBF) 90,841.64,16,52.6025
3400930035375,ATORVASTATINE ARG 20 MG CPR 30,842.9,268,3.145149253731343
3400937828130,LANSOPRAZOLE ARW 30MG GELULE 28,843.4499999999999,250,3.3737999999999997
3400930266236,ATORVASTATINE LABO ALTER 40 MG CPR 90,844.34,81,10.423950617283952
3400949000593,"SEBIPROX 1,5% SHAMPOOING (AIP MED) 1",849.91,336,2.5294940476190475
3400935147394,LOPERAMIDE LYOC 2MG LYOPHILISAT ORAL 10,851.5500000000001,896,0.950390625
3400921743883,ATORVASTATINE BGR 80 MG CPR 90,856.89,80,10.711125
3400930221532,SIMVASTATINE MYL 10MG CPR 28,858.17,299,2.870133779264214
3400933502843,PENTASA 1G SUPPO 15,860.9300000000001,47,18.317659574468088
3400937629867,PRAVASTATINE ALT 20MG CPR 28,866.56,252,3.4387301587301584
3400939200439,FENTANYL BGA 25MICROG/H DISP TRANSD 5,869.21,79,11.002658227848102
3400922208695,CANDESARTAN HCS 32MG CPR 30,869.63,261,3.3319157088122604
3400926965433,QUETIAPINE ARW LP 300MG CPR 60,872.99,29,30.103103448275863
3400949270187,"QUINAPRIL HCTZ ARL 20/12,5MG CPR 28",873.49,301,2.9019601328903657
3400930266212,ATORVASTATINE LABO ALTER 20 MG CPR 90,875.16,90,9.724
3400936054363,"BISOPROLOL HCTZ ARW 5/6,25MG CPR 30",876.61,251,3.4924701195219123
3400933572341,HYDROCORTISONE SUB 100MG LYO SOL INJ 1,877.94,644,1.3632608695652175
3400936732483,"AMOX/AC CLAV SUN 500MG/62,5 AD CPR 24",879.39,211,4.167725118483412
3400930191095,PARACETAMOL ARL 1G PDR ORALE SACH 8,881.78,869,1.0147065592635212
3400926965952,QUETIAPINE ARW LP 400MG CPR 60,881.99,22,40.09045454545455
3400939585772,VALACICLOVIR EVO 500MG CPR 42,887.62,38,23.35842105263158
3400927384196,IRBESARTAN ACC 150MG CPR PELL 30,890.27,282,3.156985815602837
3400930258460,ZONISAMIDE NEURAXPHARM 50 MG CPR 14,890.34,242,3.679090909090909
3400930117736,EZETIMIBE/SIMVAST TVC 10MG/20MG CPR 30,891.14,65,13.709846153846154
3400934610493,FLORGYNAL GELULE VAGINALE 14,894.54,795,1.1252075471698113
3400930115527,"TELMISARTAN/HCTZ ACC 80MG/12,5MG CPR 90",900.55,106,8.495754716981132
3400935954718,LOPERAMIDE ARW 2MG GELULE 20,904.44,899,1.0060511679644049
3400930149379,CLOZAPINE ACC 100MG CPR 14,907.4300000000001,173,5.2452601156069365
3400935002525,FIXICAL 500MG CPR 60,910.78,229,3.9772052401746723
3400930035290,ATORVASTATINE ARG 10 MG CPR 90,911.65,104,8.765865384615385
3400936671010,"METFORMINE GNR 1000 MG, COMPRIME 90",918.51,174,5.278793103448276
3400932807154,TRINORDIOL CPR SUREMBALLE 63,919.33,349,2.6341833810888255
3400930266441,TRAMADOL TVC LP 200MG CPR 10,923.75,394,2.344543147208122
3400922253701,NIMENRIX PDR ET SOL INJ SER 1,932.78,36,25.910555555555554
3400921636116,"LETROZOLE CRT 2,5MG CPR 30",939.56,26,36.136923076923075
3400930289365,NA,940.65,148,6.355743243243243
3400927584749,ATORVASTATINE VIATRIS 20MG CPR 30,941.9200000000001,268,3.514626865671642
3400938952858,FOSINOPRIL TVC 20MG CPR 90,944.01,113,8.354070796460176
3400930248164,NA,944.03,277,3.4080505415162454
3400937427425,PAROXETINE ALT 20MG CPR 14,947.65,513,1.847270955165692
3400930244395,VAXNEUVANCE SUSP INJ SER AA 1,951.9899999999999,31,30.709354838709675
3400935252463,AMOXICILLINE ZYD 125MG/5ML PDR FL 1,960.36,1283,0.748526890101325
3400937559409,AMLODIPINE ARG 10MG GELULE 30,963.44,293,3.2881911262798638
3400935315199,BISOCE 10 MG CPR 90,965.3199999999999,92,10.492608695652173
3400930162477,ENALAPRIL ARL 20MG CPR 90,969.0999999999999,120,8.075833333333332
3400930066492,ATORVASTATINE EVP 20MG CPR 90,981.8199999999999,99,9.917373737373737
3400926827427,"OLANZAPINE ACC 7,5MG CPR 28",995.53,87,11.44287356321839
3400936876293,"REVAXIS SUSP INJ SER 0,5ML 2AIG 1",996.37,161,6.18863354037267
3400937254366,RAMIPRIL BGA 5MG CPR 30,998.45,282,3.5406028368794327
3400935315021,BISOCE 10 MG CPR 30,1012.1600000000001,257,3.938365758754864
3400930246085,LERCANIDIPINE ACC 10MG CPR 30,1015.24,240,4.230166666666666
3400949767908,OMEPRAZOLE KRK 10MG GELULE 28,1025.48,402,2.5509452736318408
3400930066485,ATORVASTATINE EVP 20MG CPR 30,1025.8600000000001,296,3.4657432432432436
3400934130045,MOPRAL 10 MG GELULE 14,1026.39,569,1.8038488576449914
3400941559174,"VALSARTAN/HCTZ ZYD 160/12,5MG CPR 90",1027.73,124,8.288145161290323
3400939320816,PANTOPRAZOLE MYP 20MG CPR 28,1034.05,356,2.9046348314606742
3400930037843,ROSUVASTATINE ALT 10MG CPR 30,1040.38,213,4.884413145539907
3400930030028,PREGABALINE ALT 75 MG GELULE 56,1046.28,112,9.341785714285715
3400949497706,ANASTROZOLE ACC 1MG CPR 90,1047.26,16,65.45375
3400927966873,XENETIX 350 SOL INJ POC150ML INJ 1,1050,25,42
3400937635660,ONDANSETRON BGA 8 MG CPR 4,1054.56,117,9.013333333333334
3400930159095,IZILOX 400MG CPR 5,1054.82,220,4.794636363636363
3400936686557,AMAREL 4MG CPR 90,1065.16,74,14.394054054054056
3400935314710,BISOCE 5MG CPR 90,1067.85,212,5.037028301886792
3400927503726,QUETIAPINE ARW LP 50 MG CPR 30,1075.1399999999999,137,7.8477372262773715
3400930206195,"DOTAREM 0,5MMOL/ML SOL INJ SER + OPE 1",1076.06,34,31.648823529411764
3400935067340,BIODALGIC 50MG CPR EFF 30,1076.31,401,2.684064837905237
3400949005093,"DECAPEPTYL 0,1 MG, POUDRE ET SOLVANT 7",1076.6999999999998,37,29.099999999999994
3400930041369,PREGABALINE HCS 25 MG GELULE 84,1078.3600000000001,190,5.675578947368422
3400930247310,LACOSAMIDE TEVA 50MG CPR 14,1078.64,356,3.0298876404494384
3400949013265,PERMIXON 160MG GELULE (AIP) (BBF) 180,1079.8899999999999,60,17.998166666666666
3400930261347,RISEDRONATE CRISTERS PHARM 75MG CPR 2,1081.42,147,7.3565986394557825
3400938434439,ANASTROZOLE KRKA 1MG CPR 30,1081.96,40,27.049
3400921725445,NA,1087.34,20,54.367
3400927738067,CELECOXIB HCS 200MG GELULE 30,1088.4,305,3.5685245901639346
3400941825644,ACETYLLEUCINE ZEN 500MG CPR 30,1090.98,815,1.3386257668711656
3400930008737,PANTOPRAZOLE ACC 40 MG PDR INJ 1,1093.07,383,2.8539686684073104
3400933917227,MELAXOSE PATE ORALE POT 150G 1,1094.75,578,1.894031141868512
3400937734066,GABAPENTINE MYL 600MG CPR 90,1097.2,46,23.85217391304348
3400930004319,"IMETH 2,5MG CPR 24",1097.75,262,4.189885496183206
3400922087337,CEFUROXIME BGR 250 MG CPR 8,1098.39,385,2.8529610389610394
3400938823486,"VENLAFAXINE ARW LP 37,5MG GELULE 30",1101.36,301,3.659003322259136
3400932858422,BURINEX 2 MG SOL INJ 5,1105.25,199,5.5540201005025125
3400938229554,TRAMADOL ZTV LP 150MG CPR 10,1113.44,550,2.024436363636364
3400921942156,PARACETAMOL CRT 500MG GELULE 16,1113.71,1145,0.9726724890829694
3400949500062,KEPPRA 250MG CPR (ADP) (MWI) 60,1116.1699999999998,67,16.65925373134328
3400930157046,MILNACIPRAN EG 25MG GELULE 56,1118.08,258,4.333643410852713
3400938553635,CLARITHROMYCINE TVC 250 MG CPR 10,1119.12,391,2.8621994884910484
3400930258415,ZONISAMIDE NEURAXPHARM 25 MG CPR 14,1121.76,326,3.4409815950920244
3400930206454,MIDAZOLAM VIATRIS 5 MG INJ AMP 10,1126.8400000000001,82,13.741951219512197
3400939239521,OGASTORO 15MG CPR 14,1129.19,529,2.1345746691871454
3400930064375,ALGINATE BICAR SODIUM ARW SACHET 24,1134.51,786,1.4433969465648855
3400937242240,BISOPROLOL MYL 10MG CPR 90,1134.65,118,9.615677966101696
3400936717756,FLUCONAZOLE ARW 200MG GELULE 7,1137.2600000000002,55,20.677454545454548
3400930266434,TRAMADOL TVC LP 150MG CPR 10,1137.83,597,1.9059128978224453
3400927490095,ATOVAQ/PROGUAN BGA 250/100MG CPR 12,1141.35,100,11.413499999999999
3400938474121,TRANDOLAPRIL VIATRIS 4MG GELULE 84,1143.73,139,8.228273381294963
3400930252963,"PERINDOPRIL INDAP HCS 5/1,25MG CPR 90",1149.8799999999999,141,8.155177304964537
3400931261506,"SODIUM BIC BSD 1,4% INJ FV 500ML 1",1160.73,905,1.2825745856353592
3400930235577,ENALAPRIL ACC 20MG CPR 30,1161.76,394,2.9486294416243655
3400949500963,ALDARA 5% CREME (ADP BBF) 12,1163.19,37,31.43756756756757
3400939711935,INSTANYL 100 MICROG/DOSE SOL NASALE 1,1163.52,26,44.75076923076923
3400922415413,ZALASTA 10MG CPR DISP 28,1163.5500000000002,125,9.3084
3400930304983,NA,1172.1299999999999,72,16.27958333333333
3400935296696,BISOPROLOL BGR 10MG CPR 30,1176.42,310,3.794903225806452
3400930028667,"ALMOTRIPTAN ZEN 12,5MG CPR 12",1178.64,129,9.136744186046512
3400939069715,PARACETAMOL BGA 1G PDR ORALE SACH 8,1180.53,1094,1.0790950639853747
3400930268827,ZAMUDOL LP 50MG GELULE 10,1180.84,867,1.3619838523644752
3400933734053,"TIMOPTOL LP 0,50% COLLYRE FL 2,5ML 1",1182.71,236,5.011483050847458
3400927428005,ESCITALOPRAM EVO 10MG CPR 28,1183.1999999999998,384,3.0812499999999994
3400930167410,SITAGLIPTINE ALTER 50 MG CPR 28,1189.57,148,8.037635135135135
3400930124147,ENALAPRIL/LER KRK 20MG/10MG CPR 30,1191.02,231,5.155930735930736
3400930126035,METHOTREXATE ACC 30 MG SOL INJ 1,1192.82,87,13.710574712643677
3400949404674,FLUOXETINE ACC 20MG GELULE 14,1195.48,591,2.0228087986463623
3400949501007,ENVARSUS LP 1MG CPR ADP BBFARMA 30,1196.8799999999999,24,49.87
3400930318522,NA,1202.05,17,70.70882352941176
3400936038974,"BISOPROLOL HCTZ ARW 2,5/6,25MG CPR 30",1204.44,350,3.441257142857143
3400939476681,TRAMADOL ARW LP 200MG CPR 10,1204.61,496,2.4286491935483867
3400930056196,GARDASIL 9 SUSP INJ FL 1,1204.74,16,75.29625
3400935295927,"BISOPROLOL BGR 3,75MG CPR 30",1210.9099999999999,324,3.737376543209876
3400932680689,DAKTARIN 2% GEL BUCCAL TUBE 40G 1,1210.98,418,2.8970813397129187
3400935296467,"BISOPROLOL BGR 7,5MG CPR 30",1215.02,305,3.9836721311475407
3400939307749,PANTOPRAZOLE MYP 40MG CPR 28,1229.91,399,3.082481203007519
3400934081095,MOPRAL 20 MG GELULE GASTRO-RESIS 7,1231.56,1146,1.0746596858638744
3400935615787,CROMEDIL 2% COLLYRE UNIDOSE 30,1231.76,926,1.330194384449244
3400930020227,ETORICOXIB ZYF 60 MG CPR 28,1235.32,437,2.826819221967963
3400949007813,PERMIXON 160MG GELULE (AIP) (BBF) 60,1238.55,175,7.077428571428571
3400949000524,MONURIL 3G GRANULES SACHET (AIP) MWI 1,1239.38,367,3.3770572207084473
3400930147474,AMLODIPINE/VALSART EVO 5MG/80MG CP 30,1240.55,244,5.084221311475409
3400936286443,AMISULPRIDE ARW 200MG CPR 60,1241.55,39,31.834615384615383
3400933905620,DAFALGAN 150MG PDR ORALE EFF 12,1242.02,1429,0.8691532540237928
3400932331994,"MINIRIN 0,1MG/ML SOL ENDONAS 2,5ML 1",1243,75,16.573333333333334
3400930304488,NA,1253.36,1450,0.8643862068965517
3400939858647,LEVOCETIRIZINE ARW 5MG CPR 14,1261.89,1610,0.7837826086956522
3400941691447,"CANDESARTAN/HCTZ HCS 16/12,5 CPR 30",1263.96,406,3.11320197044335
3400930295939,NA,1266.13,873,1.4503207331042385
3400931906568,ARTHROCINE 200MG CPR 30,1276.41,262,4.871793893129771
3400930245804,PERINDOPRIL HCS 10MG CPR 30,1276.73,383,3.333498694516971
3400926766580,PANTOPRAZOLE ZYF 40MG CPR 14,1278.92,883,1.4483805209513025
3400949102426,"PERINDOPRIL INDAP KRK 4/1,25MG CPR 30",1280,383,3.342036553524804
3400938732375,AMLODIPINE ARG 10MG GELULE 90,1282.18,148,8.663378378378379
3400939918532,VALSARTAN/HCTZ ZYD 160/25MG CPR 30,1282.38,413,3.105036319612591
3400932407620,"MODOPAR 62,5 (50MG/12,5MG) GELULE 60",1290,415,3.108433734939759
3400938829570,VIMPAT 50MG CPR 14,1290.21,247,5.223522267206478
3400939329161,NEBIVOLOL VTS 5MG CPR 30,1300.43,375,3.4678133333333334
3400930269138,TRAMADOL SDZ LP 200MG CPR 10,1302.25,554,2.3506317689530687
3400930290453,NA,1302.75,203,6.417487684729064
3400930115664,TELMISARTAN/HCTZ ACC 80MG/25MG CPR 90,1305.8,150,8.705333333333334
3400939324487,VALACICLOVIR EG LABO 500MG CPR 112,1315.56,18,73.08666666666666
3400936292246,PERINDOPRIL MYL 8MG CPR 30,1315.98,420,3.1332857142857145
3400937165266,"RAMIPRIL BGA 2,5MG CPR 30",1316.81,367,3.5880381471389646
3400937197953,SIMVASTATINE MYL 40MG CPR 84,1320.1100000000001,146,9.041849315068495
3400930180082,PREGABALINE ALT 50 MG GELULE 84,1322.32,146,9.056986301369863
3400937164085,"RAMIPRIL BGA 1,25 MG CPR 30",1323.52,427,3.0995784543325526
3400949005765,NA,1327.92,42,31.61714285714286
3400949002429,HYPERIUM 1MG CPR (AIP) (MWI) 90,1328.78,107,12.418504672897196
3400930082362,METOPROLOL ARL 100MG CPR 30,1332.41,643,2.0721772939346814
3400930101797,QUETIAPINE TVS LP 300 MG CPR 60,1334.9,40,33.3725
3400935533203,INEXIUM 20MG CPR 7,1335.63,1399,0.9547033595425305
3400930086582,EPLERENONE ACC 50MG CPR 30,1336.06,99,13.495555555555555
3400930147566,CLINDAMYCINE MYLAN 300 MG GELULE 16,1338.8,478,2.8008368200836817
3400921743364,ATORVASTATINE BGR 80 MG CPR 30,1342.02,357,3.759159663865546
3400939329680,NEBIVOLOL VTS 5MG CPR 90,1345.67,149,9.031342281879196
3400930142875,CLARITHROMYCINE ACC 500MG CPR 10,1349.01,248,5.439556451612903
3400939826011,TRAMADOL ACT LP 150MG CPR 10,1352.36,691,1.9571056439942112
3400936292475,PERINDOPRIL MYL 8MG CPR 90,1354.16,159,8.516729559748429
3400930040119,PREGABALINE ACC 25 MG GELULE 84,1362.47,239,5.70071129707113
3400939239811,OGASTORO 30MG CPR 14,1364.92,637,2.1427315541601257
3400930098875,"DUTASTERIDE MYG 0,5MG CAPSULE 30",1366.22,409,3.34039119804401
3400937056175,PINAVERIUM TVS 100MG CPR 30,1368.06,1355,1.0096383763837637
3400937842907,CIPROFIBRATE BGA 100MG GELULE 90,1369.1899999999998,198,6.915101010101009
3400930065297,IBUPROFENE ZEN 400MG CPR PELL 20,1370.3,1299,1.054888375673595
3400922227337,"REPAGLINIDE ACC 0,5MG CPR 90",1371.56,226,6.068849557522124
3400934001024,MOVICOL PDR ORALE SACHET 20,1380.3500000000001,840,1.6432738095238097
3400927607264,OMEPRAZOLE ZYF 10MG GELULE 14,1386.22,1066,1.3003939962476547
3400930054703,ROSUVASTATINE BGA 10MG CPR 30,1387.5600000000002,283,4.903038869257951
3400936670877,"METFORMINE GNR 1000 MG, COMPRIME 30",1394.1200000000001,707,1.971881188118812
3400926644253,REPAGLINIDE KRKA 1MG CPR 90,1401.03,228,6.144868421052632
3400933865146,NORPROLAC 150 MICROG CPR 30,1408.6599999999999,36,39.12944444444444
3400937575256,"ENANTONE LP 3,75 MG PDR INJ + NEC 1",1409.04,20,70.452
3400930107935,PERINDOPRIL AMLO EG 8/5MG CPR 30,1413.6499999999999,183,7.724863387978141
3400930189788,LACOSAMIDE SDZ 50MG CPR 14,1413.98,461,3.0672017353579175
3400922459127,"IFIRMACOMBI 150/12,5 MG CPR 30",1414.69,513,2.757680311890838
3400930100554,NA,1416.1,28,50.574999999999996
3400921938593,"LOSARTAN HCTZ ZYD 50/12,5MG CPR 30",1419.24,451,3.1468736141906875
3400936962552,"MECIR LP 0,4MG CPR 30",1421.45,500,2.8429
3400930118887,EUTHYROX 150 MICROG CPR AIT 100,1431.15,227,6.304625550660793
3400927564239,METFORMINE ZEN 500MG CPR 30,1433.93,839,1.7090941597139453
3400930118849,EUTHYROX 50 MICROG CPR 100,1436.29,638,2.2512382445141066
3400949003228,"AVODART 0,5MG CAPS (AIP)(BBF) 30",1447.43,185,7.823945945945947
3400934898815,ELVORINE 25 MG SOL INJ 1,1459.05,355,4.109999999999999
3400949002405,CHIBRO-PROSCAR 5MG CPR (AIP)(MWI) 28,1466.5500000000002,317,4.62634069400631
3400927407352,RISEDRONATE VIATRIS 75MG CPR 6,1467.65,70,20.966428571428573
3400930233078,NA,1469.05,108,13.602314814814815
3400941691966,"CANDESARTAN/HCTZ HCS 16/12,5 CPR 90",1474.52,175,8.425828571428571
3400936053472,"BISOPROLOL HCTZ ARW 2,5/6,25MG CPR 90",1474.99,172,8.575523255813954
3400930264997,SITAGLIPTINE ZYDUS 50 MG CPR 28,1477.19,190,7.774684210526316
3400922461076,IFIRMACOMBI 300/25 MG CPR 30,1481.1200000000001,466,3.1783690987124467
3400930246122,LERCANIDIPINE ACC 20MG CPR 90,1481.43,124,11.947016129032258
3400926887797,"LOSARTAN HCTZ KRK 50/12,5MG CPR 30",1482.39,488,3.037684426229508
3400931163411,"DIGOXINE NATIVELLE 0,05MG/ML SOL BUV 1",1488.31,912,1.6319188596491228
3400934998331,DOLIPRANE 100MG PDR ORALE SACHET 12,1490.8,1508,0.9885941644562334
3400930170274,MANIDIPINE ZYD 20MG CPR 90,1491.7799999999997,115,12.971999999999998
3400949003983,TEMERIT 5MG CPR (AIP) (BBF) 90,1495.05,114,13.114473684210527
3400930086599,EPLERENONE ACC 50MG CPR 90,1500.8899999999999,40,37.52225
3400930205136,NA,1501.9299999999998,78,19.25551282051282
3400930194775,"CELESTENE CHRONODOSE 5,70 MG/ML INJ 1",1520.93,962,1.5810083160083162
3400949003365,GELTIM LP 1MG/G GEL OPHT (AIP) 30,1521.5,354,4.298022598870056
3400936685147,AMAREL 1MG CPR 90,1522.13,221,6.887466063348417
3400930168905,NA,1522.5900000000001,104,14.640288461538463
3400933121549,ZINNAT 125MG CPR 8,1522.96,719,2.118164116828929
3400930085196,PREGABALINE ZTK 100 MG GELULE 84,1528.32,96,15.92
3400939175324,OLANZAPINE ALT 10MG CPR 28,1534.0099999999998,171,8.97081871345029
3400939917351,"VALSARTAN/HCTZ ZYD 80/12,5MG CPR 30",1534.81,501,3.0634930139720558
3400933105051,PERINDOPRIL MYL 2 MG CPR 90,1540.53,165,9.336545454545455
3400930167977,ZORYON 40MG GELULE 7,1543.92,209,7.387177033492823
3400930245811,PERINDOPRIL HCS 10MG CPR 90,1546.33,185,8.35854054054054
3400949001675,TEMERIT 5MG CPR (AIP) (MDW LD) 30,1553.87,308,5.045032467532467
3400930308042,NA,1577.0800000000002,505,3.122930693069307
3400921612790,"LHRH FERRING 0,1 MG SOL INJ AMP 1",1579.15,118,13.382627118644068
3400927564529,METFORMINE ZEN 500MG CPR 90,1586.0900000000001,374,4.240882352941177
3400932043293,"DERMOVAL 0,05% CREME 10G 1",1586.21,1476,1.074668021680217
3400937909594,ALLOPURINOL SUN 200MG CPR 28,1598.96,1225,1.3052734693877552
3400930299982,NA,1602.04,147,10.898231292517007
3400935314659,BISOCE 5MG CPR 30,1603.86,770,2.082935064935065
3400938956931,"PIPER/TAZOB SDZ 2 G/0,25 G PDR INJ 1",1608.09,321,5.009626168224298
3400922460765,"IFIRMACOMBI 300/12,5 MG CPR 30",1608.31,522,3.0810536398467434
3400930060698,OMEPRAZOLE EVP 10MG GELULE 14,1621.06,1244,1.3031028938906752
3400930170250,MANIDIPINE ZYD 20MG CPR 30,1622.45,346,4.689161849710983
3400930167212,UNIFLOX 500 MG CPR 1,1624.23,205,7.9230731707317075
3400930054673,ROSUVASTATINE BGA 5MG CPR 90,1636.26,142,11.522957746478873
3400933590550,GLUCAGEN 1MG/1ML PDR INJ FL 1,1637.05,134,12.21679104477612
3400930081051,TRINORDIOL CPR 21,1644.54,1450,1.1341655172413794
3400939711874,INSTANYL 50 MICROG/DOSE SOL NASALE 1,1644.72,40,41.118
3400949004584,LIPTRUZET 10 MG/10 MG CPR (AIP) 90,1655.71,37,44.74891891891892
3400935619921,MORPHINE SULF LAV 500 MG INJ 1,1658.77,317,5.232712933753943
3400935314888,"BISOCE 7,5MG CPR 30",1663.17,420,3.9599285714285717
3400934243158,DYSALFA 5MG CPR 28,1665.7799999999997,285,5.844842105263157
3400927585111,ATORVASTATINE VTS 40MG CPR 90,1666.44,161,10.35055900621118
3400930054796,ROSUVASTATINE BGA 20MG CPR 90,1666.45,115,14.490869565217391
3400930234600,"AMIRIOX 0,9 MG COLLYRE SOL 1",1667.25,346,4.81864161849711
3400930246115,LERCANIDIPINE ACC 20MG CPR 30,1671.23,402,4.15728855721393
3400930187364,CROMOPTIC 2% COLLYRE FL 10ML CG 1,1671.45,736,2.270991847826087
3400935581976,DOXYCYCLINE VIATRIS 100MG CPR 5,1677.92,1693,0.9910927347903131
3400930269121,TRAMADOL SDZ LP 150MG CPR 10,1678.56,904,1.8568141592920353
3400937737487,"AMOX/AC CLAV BGR 100MG/12,5MG/ML ENF 1",1683.79,588,2.8635884353741496
3400930268582,NA,1687.56,14,120.53999999999999
3400930325605,NA,1688.3799999999999,268,6.299925373134328
3400922258034,"BISOPROLOL ZTL 2,5MG CPR 30",1690.02,425,3.9765176470588233
3400930004227,LEVETIRACETAM KRK 1 000 MG CPR 60,1697.6399999999999,77,22.047272727272727
3400930322260,NA,1701.1499999999999,11,154.64999999999998
3400922227917,REPAGLINIDE ACC 1MG CPR 90,1721.13,278,6.191115107913669
3400930299609,NA,1723.8,78,22.099999999999998
3400930161883,FEBUXOSTAT ACC 80MG CPR 28,1732.22,241,7.187634854771784
3400937910316,"AMOX/AC CLAV ZTK 500MG/62,5MG A 16",1732.8,525,3.3005714285714283
3400930106464,LANSOPRAZOLE ALP 15MG GELULE 15,1736.9,1031,1.684675072744908
3400935314079,"BISOCE 1,25MG CPR 90",1741.9,167,10.430538922155689
3400927923760,NICOPASS CITRON 4MG GOMME SS SUCRE 96,1745.51,219,7.970365296803653
3400930214879,EMTRICITABIN TENOF ACC 200/245MG CPR 30,1750.6499999999999,11,159.14999999999998
3400930101766,QUETIAPINE TVS LP 50 MG CPR 30,1751.5600000000002,221,7.925610859728508
3400922198729,"ZOLMITRIPTAN SDZ 2,5MG CPR ORODISP 6",1752.89,392,4.471658163265307
3400926888169,LOSARTAN HCTZ KRK 100/25MG CPR 30,1753.57,570,3.076438596491228
3400935964243,REPEVAX SUSP INJ SER SA 1,1756.1299999999999,114,15.404649122807017
3400938863697,PARACETAMOL ARW 1G PDR ORALE SACH 8,1756.6,1657,1.060108630054315
3400949737970,GLICLAZIDE ZYD LM 30MG CPR 180,1761.3,82,21.479268292682928
3400935514561,PARIET 20MG CPR 14,1762.71,958,1.8399895615866388
3400930098325,"ENOXAPARINE CRU 2000UI/0,2ML SER 2",1763.64,546,3.2301098901098904
3400949504831,KEPPRA 1000MG CPR ADP 60,1763.98,78,22.615128205128205
3400937733175,VERAPAMIL MYL LP 240MG CPR 90,1764.75,138,12.78804347826087
3400938471977,"TRANDOLAPRIL VIATRIS 0,5MG GELULE 28",1767.99,923,1.9154821235102926
3400927500473,ATOVAQ/PROGUAN TEVA 250/100MG CPR 12,1768.33,167,10.58880239520958
3400921661538,DESOGESTREL VIATRIS SANTE 75MCG CPR 84,1771.51,812,2.1816625615763545
3400937867979,LAMOTRIGINE EG 200MG CPR DISP 30,1776.45,200,8.88225
3400938214765,BINOCRIT 1000UI SOL INJ SER 6,1783.59,76,23.46828947368421
3400931545774,TROPHIGIL GELULE VAGINALE 14,1791.53,1335,1.3419700374531836
3400933104160,PERINDOPRIL MYL 4 MG CPR 30,1797.19,514,3.49647859922179
3400930118870,EUTHYROX 125 MICROG CPR SEC 100,1797.7,336,5.350297619047619
3400949295371,EXEMESTANE ACC 25MG CPR 30,1816.3400000000001,48,37.84041666666667
3400930156605,PRASUGREL KRK 10 MG CPR 30,1829.58,112,16.335535714285715
3400930031971,PREGABALINE EVO 50 MG GELULE 84,1830.87,192,9.53578125
3400930232972,"PERINDOPRIL INDAP ZEN 4/1,25 MG CPR 90",1840.3,214,8.599532710280373
3400937224499,PERMIXON 160MG GELULE 180,1844.12,76,24.26473684210526
3400932725786,NOZINAN 25 MG SOL INJ 5,1847.77,1115,1.6571928251121075
3400935902269,DUOPLAVIN 75 MG/75 MG CPR 30,1853.27,200,9.26635
3400930238288,PERINDOPRIL AMLO MYL 8/5 CPR 90,1856.54,95,19.542526315789473
3400930290576,NA,1870.36,464,4.030948275862069
3400930236659,PERINDOPRIL AMLO MYL 8/5 CPR 30,1873.3600000000001,243,7.7093004115226345
3400937514514,NEBIVOLOL ARW 5MG CPR 30,1883.89,573,3.2877661431064573
3400930227190,CLOZAPINE ZEN 25 MG CPR 28,1884.21,532,3.541748120300752
3400930119204,LACOSAMIDE ACC 150MG CPR 56,1888.96,55,34.344727272727276
3400930198223,TERROSA 20MCG/80MCL INJ CART+STYLO,1889.8899999999999,12,157.4908333333333
3400927931116,LANSOPRAZOLE ZEN 15MG CPR OROD 14,1891.85,1069,1.7697380729653882
3400927384486,IRBESARTAN ACC 300MG CPR PELL 90,1893.33,213,8.88887323943662
3400921938364,LOSARTAN HCTZ ZYD 100/25MG CPR 90,1895.93,221,8.578868778280544
3400930009567,QUETIAPINE KRK LP 300 MG CPR 60,1900.9700000000003,65,29.245692307692313
3400935202376,VISIPAQUE 270MG/ML SOL INJ FP 1,1901.41,430,4.421883720930233
3400936515772,MIMPARA 30MG CPR 30,1909.54,14,136.3957142857143
3400921944167,"LOSARTAN HCTZ EG 100/12,5MG CPR 90",1922.04,219,8.776438356164384
3400930291757,NA,1922.34,460,4.178999999999999
3400930307939,NA,1939.44,226,8.581592920353982
3400936013032,CILOXAN 3MG/ML SOL AURIC FL 5ML 1,1945.5,1110,1.7527027027027027
3400930054642,ROSUVASTATINE BGA 5MG CPR 30,1949.47,450,4.3321555555555555
3400926860073,MONTELUKAST ACC 5MG CPR CROQ 28,1949.6,301,6.477076411960133
3400934387609,ORAMORPH 100MG/5ML BUV UNIDOSE 5ML 10,1968.42,835,2.357389221556886
3400930240953,"ENOXAPARINE TVC 2000UI/0,2ML INJ SER 2",1968.71,588,3.3481462585034016
3400941557392,ANASTROZOLE KRKA 1MG CPR 90,1969.7,24,82.07083333333334
3400930231128,"TIGREAT 2,5MG CPR 6",1977.32,358,5.523240223463687
3400937913737,LISINOPRIL BGA 5MG CPR 84,1982.3,283,7.004593639575972
3400937803526,NICORANDIL ZEN 10MG CPR 30,1986.18,565,3.515362831858407
3400938866650,SIMVASTATINE AHL 40MG CPR 28,1989.49,602,3.304800664451827
3400938412956,PARACETAMOL ARW 500MG GELULE 16,1993.06,1883,1.0584492830589485
3400939192123,"ZOLMITRIPTAN EVO 2,5MG CPR ORODISP 6",1999.98,454,4.405242290748899
3400938732146,AMLODIPINE ARG 5MG GELULE 90,2001.33,236,8.48021186440678
3400949502011,ALDARA 5% CREME (UK) ADP 12,2007.23,67,29.95865671641791
3400930305874,NA,2010.45,13,154.65
3400949004256,SERETIDE DISKUS 250/50MCG PDR 60 AIP 60,2015.72,129,15.625736434108527
3400930308882,NA,2020.95,1214,1.6647034596375618
3400939917702,"VALSARTAN/HCTZ ZYD 80/12,5MG CPR 90",2028.07,243,8.3459670781893
3400936717817,FLUCONAZOLE ARW 200MG GELULE 30,2030.97,19,106.89315789473685
3400926775926,IFIRMASTA 300MG CPR PELL 90,2031.6599999999999,233,8.719570815450643
3400927626883,CAPECITABINE BGA 500 MG CPR 120,2035.1799999999998,14,145.36999999999998
3400926775407,IFIRMASTA 75MG CPR PELL 90,2039.27,245,8.323551020408162
3400927407123,RISEDRONATE VIATRIS 75MG CPR 2,2044.26,269,7.599479553903346
3400930220184,FENTANYL BIOGARAN 400MCG CPR SUB 10,2045.05,135,15.148518518518518
3400930250075,LACOSAMIDE ZYD 150 MG CPR 56,2045.72,57,35.88982456140351
3400930209240,TENOFOVIR DISOPROXIL ACC 245 MG CPR 30,2048,17,120.47058823529412
3400949501656,NA,2055.16,73,28.152876712328766
3400934062056,FARESTON 60MG CPR 30,2058.4,83,24.8
3400926775865,IFIRMASTA 300MG CPR PELL 30,2063.63,635,3.249811023622047
3400937118590,FUNGSTER 250MG CPR 14,2065.29,361,5.721024930747922
3400935386229,ACEBUTOLOL ZYD 400MG CPR 30,2066.25,486,4.2515432098765435
3400939161365,ANASTROZOLE ARW 1MG CPR 30,2068.34,76,27.215000000000003
3400930118856,EUTHYROX 75 MICROG CPR 100,2070.6,627,3.3023923444976075
3400931927969,"LOCAPRED 0,1% CREME 1",2082.74,1520,1.3702236842105262
3400927808708,ESCITALOPRAM KRK 15MG CPR 28,2095.53,581,3.6067641996557662
3400939803418,GLUCOSE LAV 10% SOL INJ FP 500ML 1,2100.77,1085,1.9361935483870967
3400930227220,CLOZAPINE ZEN 100MG CPR 14,2102.3999999999996,365,5.759999999999999
3400927584459,ATORVASTATINE VIATRIS 10MG CPR 30,2104.84,621,3.389436392914654
3400931533719,MANTADIX 100MG CAPSULE 50,2108.25,296,7.122466216216216
3400937514972,NEBIVOLOL ARW 5MG CPR 90,2109.2400000000002,230,9.170608695652176
3400939621425,LOSARTAN KRK 100MG CPR 30,2115.9500000000003,700,3.022785714285715
3400927383946,IRBESARTAN ACC 75MG CPR PELL 30,2119.15,669,3.1676382660687596
3400949941445,RABEPRAZOLE BIOGARAN 20MG CPR 28,2134.37,743,2.8726379542395692
3400934892141,DILTIAZEM BGA 60MG CPR 30,2143.4900000000002,1198,1.7892237061769618
3400931704874,MODOPAR 250 (200MG/50MG) GELULE 60,2145.43,232,9.247543103448276
3400930252727,RISEDRONATE EVO 75MG CPR PEL 2,2147.58,304,7.064407894736842
3400949501175,"BARACLUDE 0,5 MG CPR ADP BBF 30",2157.56,16,134.8475
3400930164365,EZETIMIBE/SIMVAST ALT 10MG/20MG CPR 30,2158.2799999999997,164,13.160243902439023
3400927405921,RAMIPRIL KRKA 10MG CPR 30,2169.18,628,3.454108280254777
3400922275123,LEVETIRACETAM ALT 500MG CPR 60,2172.52,104,20.889615384615386
3400930250983,MOMETASONE ALT 50 MICROG SUSP N 140 140,2176.02,1477,1.4732701421800947
3400930131350,GLUCOSE LAV 5% SOL INJ PP 50ML 1,2178.98,1473,1.4792803801765106
3400939389653,PANTOPRAZOLE ALM 40MG CPR 14,2180.71,1487,1.466516476126429
3400930155882,MILNACIPRAN EG 50MG GELULE 56,2182.94,471,4.634692144373673
3400937609418,FOSTIMONKIT 75 UI/ML PDR ET SOL INJ 5,2185.73,29,75.37
3400926775346,IFIRMASTA 75MG CPR PELL 30,2192.06,689,3.181509433962264
3400930082867,URAPIDIL STRAGEN LP 30MG GELULE 30,2192.68,721,3.041165048543689
3400930066478,ATORVASTATINE EVP 10MG CPR 90,2193.5699999999997,243,9.027037037037037
3400939919072,VALSARTAN/HCTZ ZYD 160/25MG CPR 90,2198.14,242,9.083223140495868
3400938864649,SIMVASTATINE AHL 10 MG CPR 28,2201.22,896,2.45671875
3400930208908,ENERZAIR BRZ 114/46/136MCG PDR CAPT 30,2204.48,70,31.492571428571427
3400930147504,AMLODIPINE/VALSART EVO 5MG/160MG CPR 90,2212.01,140,15.80007142857143
3400949004201,"CARDENSIEL 2,5MG CPR (AIP) (DFM) 90",2236.23,207,10.80304347826087
3400921943856,"LOSARTAN HCTZ EG 100/12,5MG CPR 30",2240.37,680,3.2946617647058822
3400949252619,ANASTROZOLE ARW 1MG CPR 90,2241.72,29,77.3006896551724
3400930170199,MANIDIPINE ZYD 10MG CPR 30,2248.2,496,4.53266129032258
3400930136492,SPIRONOLACTONE BGA 25MG CPR 30,2260.12,733,3.083383356070941
3400930306833,NA,2265.21,17,133.24764705882353
3400927576874,CAPECITABINE ARW 150MG CPR 60,2265.86,102,22.214313725490197
3400949276332,NA,2266.44,33,68.68
3400949501786,NA,2270.14,53,42.832830188679246
3400932399192,DIPROSALIC LOTION FL 30G 1,2270.54,1176,1.9307312925170068
3400949003860,TRIFLUCAN 40 MG/ML PDR ORALE (AIP) 1,2276.9300000000003,28,81.31892857142859
3400930101780,QUETIAPINE TVS LP 300 MG CPR 30,2280.22,153,14.903398692810455
3400939271286,PANTOPRAZOLE MYP 40MG CPR 28,2283.37,742,3.0773180592991913
3400938117103,LANSOPRAZOLE EG 30MG GELULE 14,2288.85,1428,1.6028361344537814
3400930187883,OPTIJECT 350MG INJ SER125ML +N 1,2294.68,70,32.781142857142854
3400937593007,ZOSTAVAX PDR INJ SRG 1,2309.3999999999996,51,45.28235294117646
3400936124592,BISOPROLOL MYL 10MG CPR 30,2312.04,622,3.717106109324759
3400934035371,KESTIN 10MG CPR 15,2312.31,1878,1.2312619808306708
3400949467020,BICALUTAMIDE ACC 50MG CPR 30,2315.08,65,35.616615384615386
3400930291702,NA,2315.6,944,2.452966101694915
3400933559793,VERAPAMIL MYL LP 240MG CPR 30,2318.85,494,4.694028340080972
3400938919622,LOSARTAN HCTZ EG 100/25MG CPR 30,2326.32,667,3.4877361319340334
3400939060439,FLUCORTAC 50MICROGRAMMES CPR 30,2355.4100000000003,68,34.63838235294118
3400930089279,IVABRADINE KRK 5 MG CPR 56,2358.94,168,14.041309523809524
3400938260311,GLIMEPIRIDE ZYD 1MG CPR 30,2389.63,958,2.4943945720250524
3400949004195,"CARDENSIEL 2,5MG CPR (AIP) (DFM) 30",2393.25,594,4.029040404040404
3400930246382,GLYDO 221.10MG GEL EN SER DE 11ML 10,2407.96,194,12.412164948453608
3400949009992,SYMBICORT TURB 400/12 MICROG AIP 1,2412.6,102,23.652941176470588
3400927403620,"RAMIPRIL KRKA 1,25MG CPR 90",2413.35,302,7.991225165562914
3400921740233,ATORVASTATINE BGR 10 MG CPR 30,2425.03,709,3.420352609308886
3400921938074,LOSARTAN HCTZ ZYD 100/25MG CPR 30,2427.89,786,3.0889185750636132
3400930118863,EUTHYROX 100 MICROG CPR 100,2431.59,553,4.397088607594937
3400937736428,AMOX/AC CLAV BGR 1G/125MG AD SACH 8,2438.4,733,3.3266030013642567
3400927931284,LANSOPRAZOLE ZEN 15MG CPR OROD 28,2440.21,650,3.754169230769231
3400938340655,BETAHISTINE BGA 24MG CPR 60,2442.48,798,3.0607518796992483
3400922300177,BISOPROLOL AHL 10MG CPR 30,2455.14,632,3.8847151898734174
3400933867737,FLUCONAZOLE PFZ 200MG GELULE 30,2467.33,26,94.89730769230769
3400930244319,NA,2469.36,506,4.880158102766798
3400921969122,"BISOPROLOL HCTZ CRT 2,5/6,25 CPR 30",2470.16,734,3.3653405994550405
3400936786592,SIMVASTATINE VTS 20MG CPR 28,2474.2799999999997,769,3.217529258777633
3400922324821,METOPROLOL ACC 100MG CPR 90,2474.29,554,4.466227436823105
3400949505081,KEPPRA 500MG CPR (ADP) (MDW) 60,2480.2400000000002,112,22.145000000000003
3400930076880,EMTRICITABIN TENOF ZEN 200/245MG CPR 30,2486.72,17,146.2776470588235
3400937559867,AMLODIPINE ARG 5MG GELULE 30,2505.12,762,3.28755905511811
3400930038918,EMERADE 500 MCG SOL INJ STYLO 2,2505.66,59,42.46881355932203
3400921938715,"LOSARTAN HCTZ ZYD 50/12,5MG CPR 90",2509.83,299,8.394080267558529
3400937937511,FLUCONAZOLE ZYD 200MG GELULE 30,2514.71,31,81.11967741935484
3400926812577,PROPRANOLOL ACC 40MG CPR 50,2528.34,1836,1.377091503267974
3400935673459,AMIODARONE ARW 200MG CPR 30,2554.56,361,7.076343490304709
3400930092965,EBILFUMIN 45 MG GELULE 10,2558.45,1143,2.2383639545056866
3400930101803,QUETIAPINE TVS LP 400 MG CPR 30,2564.5499999999997,120,21.371249999999996
3400938260489,GLIMEPIRIDE ZYD 1MG CPR 90,2572.64,393,6.546157760814249
3400936146594,DILTIAZEM TVC LP 90MG GELULE 28,2593.48,964,2.6903319502074687
3400922095202,VALSARTAN ZYD 160MG CPR 30,2603.33,834,3.1214988009592326
3400939145518,ALENDRONIQUE ACIDE ZEN 70MG CPR 4,2604.94,381,6.837112860892389
3400930164310,EZETIMIBE/SIMVAST ALT 10MG/40MG CPR 90,2612.34,70,37.31914285714286
3400949001682,TEMERIT 5MG CPR (AIP) (MDW LD) 90,2616.48,189,13.843809523809524
3400936065659,GLUCOSE BBM 5% SOL INJ POC 100ML 1,2619.9,1513,1.7315928618638468
3400930102411,DULOXETINE SDZ 60MG GELULE 28,2640.64,684,3.8605847953216372
3400927384257,IRBESARTAN ACC 150MG CPR PELL 90,2644.15,317,8.341167192429022
3400922200712,CANDESARTAN HCS 4MG CPR 30,2646.59,830,3.1886626506024096
3400927646584,AZITHROMYCINE BGA 250MG CPR 6,2648.08,480,5.5168333333333335
3400930208472,VILDAGLIPTINE ACCORD 50MG CPR 60,2669.7,332,8.041265060240963
3400930083451,ABACAVIR/LAM MYL 600 MG/300 MG CPR 30,2688.4,20,134.42000000000002
3400930142899,CLARITHROMYCINE ACC 500MG CPR 14,2693.64,366,7.359672131147541
3400937925044,JANUVIA 100 MG CPR 28,2700.56,190,14.213473684210525
3400927952166,CELECOXIB ZYD 100MG GELULE 30,2708.13,1362,1.9883480176211454
3400932614394,DEPO PRODASONE 500 MG SUSP INJ 1,2724.35,497,5.48158953722334
3400937734127,"AMOX/AC CLAV ALT 500MG/62,5MG AD CPR 16",2734.4,884,3.093212669683258
3400927501425,LAMIVUDINE SDZ 150MG CPR 60,2743.83,43,63.809999999999995
3400930082911,URAPIDIL STRAGEN LP 60MG GELULE 30,2761.05,493,5.600507099391481
3400922357829,ROPINIROLE EG LP 4MG CPR 28,2781.23,239,11.63694560669456
3400939650340,NICORETTESKIN 10MG/16H D TRANSDERM 7,2791.27,651,4.287665130568357
3400922403526,PANTOPRAZOLE EVO 40MG CPR 14,2792.88,1917,1.4569014084507044
3400935928863,VFEND 50MG CPR 28,2793.14,23,121.44086956521738
3400938239898,ONDANSETRON ZYD 8MG CPR 2,2793.49,606,4.609719471947194
3400949501496,NA,2817.11,31,90.87451612903226
3400926775575,IFIRMASTA 150MG CPR PELL 30,2820.5899999999997,860,3.279755813953488
3400931704294,MODOPAR 125 (100MG/25MG) GELULE 60,2822.16,536,5.265223880597015
3400935045638,PERINDOPRIL KRK 8MG CPR 90,2829.41,322,8.786987577639751
3400930111727,ROSUVASTATINE KRK 20MG CPR 30,2855.5299999999997,577,4.948925476603119
3400927808296,ESCITALOPRAM KRK 20MG CPR 28,2871.76,818,3.510709046454768
3400926649807,FORXIGA 10MG CPR 28,2873.19,90,31.924333333333333
3400921693065,RIZATRIPTAN EG 10MG CPR ORODISP 6,2886.6,636,4.538679245283019
3400930044520,VORICONAZOLE ACC 50MG CPR 28,2888.1,28,103.14642857142857
3400921740813,ATORVASTATINE BGR 10 MG CPR 90,2888.43,316,9.140601265822784
3400930267202,NA,2892.09,227,12.740484581497798
3400934830808,DAKTARIN 2% GEL BUCCAL TUBE 80G 1,2893.48,541,5.348391866913124
3400936003736,PERMIXON 160MG GELULE 60,2895.56,338,8.566745562130178
3400949974214,ACECLOFENAC ACC 100MG CPR 30,2898.95,1244,2.330345659163987
3400930170212,MANIDIPINE ZYD 10MG CPR 90,2913.74,230,12.668434782608694
3400935296238,BISOPROLOL BGR 5MG CPR 90,2927.46,553,5.29377938517179
3400930205938,FENTANYL SDZ 300MICROG CPR SUBLING 30,2929.29,93,31.49774193548387
3400930031353,CITALOPRAM BGR 20 MG CPR 28,2931.9,732,4.005327868852459
3400930243909,"IZIXATE 30 MG/0,60ML SOL INJ STYLO 1",2934.66,181,16.213591160220993
3400921789089,MONTELUKAST ALT 10MG CPR 28,2942.79,419,7.023365155131265
3400922062723,GLIMEPIRIDE EVO 1MG CPR 30,2951.77,1189,2.482565180824222
3400949005482,TRIFLUCAN 40 MG/ML PDR ORALE AIP PHL 1,2955.8199999999997,46,64.25695652173913
3400934625923,"LETROZOLE ARW 2,5MG CPR 30",2956.46,79,37.42354430379747
3400930027271,EMERADE 300 MCG SOL INJ STYLO 2,2961.51,69,42.9204347826087
3400949502998,PLAVIX 75MG CPR (ADP) 2 30,2967.99,256,11.5937109375
3400926987084,ESCITALOPRAM BGA 5MG CPR 14,2969,1755,1.6917378917378918
3400922415291,ZALASTA 5MG CPR DISP 28,2970.98,180,16.505444444444443
3400930179307,GLICLAZIDE KRKA LM 30MG CPR 60,2975.66,432,6.888101851851851
3400930290125,NA,2986.23,575,5.193443478260869
3400941784279,LANSOPRAZOLE CRT 15 MG GELULE 15,2987.12,1708,1.7488992974238875
3400949980994,EXEMESTANE BGA 25MG CPR 30,2987.83,75,39.83773333333333
3400949000821,CORDARONE 200 MG CPR (AIP) (MDW LD) 30,2997.49,341,8.790293255131964
3400949362998,"NARATRIPTAN EG 2,5MG CPR 6",3002.42,647,4.6405255023183924
3400922460994,"IFIRMACOMBI 300/12,5 MG CPR 90",3008.21,356,8.45002808988764
3400927731082,ELETRIPTAN QUIVER 20 MG CPR PEL 6,3011.4900000000002,671,4.48806259314456
3400922094779,VALSARTAN ZYD 40 MG CPR 30,3013.04,940,3.2053617021276595
3400949003266,"DECAPEPTYL 0,1 MG PDR ET SOL INJ AIP 7",3016.1,103,29.28252427184466
3400949501731,NA,3027.3199999999997,66,45.86848484848485
3400927459689,ROPINIROLE BGA LP 8MG CPR 28,3029.38,133,22.77729323308271
3400937924962,JANUVIA 50 MG CPR 28,3032.13,226,13.416504424778761
3400930187531,ATENOLOL VTS 100MG CPR 30,3032.93,701,4.326576319543509
3400930032190,PREGABALINE EVO 75 MG GELULE 56,3033.15,326,9.304141104294478
3400922414751,"ZALASTA 7,5MG CPR 28",3039.5,282,10.77836879432624
3400938677973,VELMETIA 50MG/1000MG CPR 56,3051.2,193,15.809326424870465
3400938867022,SIMVASTATINE AHL 40MG CPR 84,3064.68,333,9.203243243243243
3400938529562,LOSARTAN ZYD 100MG CPR 90,3065.83,364,8.42260989010989
3400930041352,PREGABALINE HCS 25 MG GELULE 56,3070.38,834,3.6815107913669065
3400930045404,QUETIAPINE BGA LP 50MG CPR 10,3073.09,1096,2.8039142335766423
3400930265444,NA,3079.3,35,87.98
3400927851179,ESCITALOPRAM ZEN 5 MG CPR 14,3087.87,1635,1.888605504587156
3400927946073,"DAIVOBET 50 MICROG/0,5MG/G GEL CART 1",3090.7,154,20.069480519480518
3400937804295,NA,3109.94,265,11.735622641509433
3400938761870,VENLAFAXINE ALT LP 75MG GELULE 30,3116.62,773,4.031849935316947
3400930272978,"FRAGMINE 2 500UI AXA/0,2ML SOL INJ 5",3120.69,278,11.225503597122302
3400930053898,ROSUVASTATINE ACC 20MG CPR 30,3125.94,649,4.816548536209553
3400921742183,ATORVASTATINE BGR 40 MG CPR 30,3126.15,852,3.6691901408450707
3400935296177,BISOPROLOL BGR 5MG CPR 30,3128.19,1496,2.0910360962566847
3400931984399,"DIPROSONE 0,05% LOTION FL 30G 1",3137.85,1493,2.101707970529136
3400922201252,CANDESARTAN HCS 4MG CPR 90,3149.23,361,8.723628808864266
3400936159952,DILTIAZEM TVC 60MG CPR 30,3152.56,1744,1.8076605504587155
3400927406232,RAMIPRIL KRKA 10MG CPR 90,3155.72,341,9.254310850439882
3400936466654,EPREX 1000UI SOL INJ SER 6,3168.8,125,25.3504
3400930173992,"LOSARTAN /HYD CRP 50/12,5 CPR 30",3178.45,1098,2.8947632058287796
3400935314130,"BISOCE 2,5MG CPR 30",3185.38,828,3.8470772946859904
3400933104801,PERINDOPRIL MYL 2 MG CPR 30,3200.45,952,3.3618172268907562
3400935719676,NIQUITIN 7MG/24H DISP TRANSDER 28,3206.92,195,16.44574358974359
3400927931864,LANSOPRAZOLE ZEN 30MG CPR OROD 14,3210.08,1827,1.757022441160372
3400930205402,EFLUELDA SUSP INJ SER AVEC AIG 1,3235.39,153,21.146339869281046
3400933523084,UMULINE PROFIL 30 1000UI/10ML INJ FL 1,3235.75,172,18.8125
3400930041604,PREGABALINE HCS 300 MG GELULE 56,3235.87,185,17.49118918918919
3400930162453,ENALAPRIL ARL 20MG CPR 30,3237.79,1057,3.063188268684957
3400922381480,LEVETIRACETAM ACC 250 MG CPR 60,3239.0699999999997,232,13.961508620689655
3400949005246,"DECAPEPTYL LP 11,25MG INJ (AIP PHL) 1",3243.8500000000004,12,270.3208333333334
3400927329029,"TELMISARTAN/HCTZ CRT 40MG/12,5MG CPR 30",3249.95,1075,3.023209302325581
3400933884246,RETROVIR 100 MG/10 ML SOL BUV+SRG 1,3254.3700000000003,129,25.227674418604654
3400927731204,ELETRIPTAN QVR 40MG CPR PEL 6,3269.91,722,4.528961218836565
3400933582456,"INNOHEP 2 500UI AXA/0,25ML SOL INJ 6",3275.41,303,10.809933993399339
3400949508914,KEPPRA 500MG CPR (ADP) (BBA) 60,3327.5699999999997,144,23.108124999999998
3400937328739,NEUPRO 4 MG/24H DISP TRANSDERM 7,3330.16,270,12.333925925925925
3400926775636,IFIRMASTA 150MG CPR PELL 90,3335.31,383,8.708381201044386
3400938722499,VENLAFAXINE ARW LP 75MG GELULE 30,3344.4900000000002,869,3.8486651323360186
3400934757785,DILTIAZEM BGA LP 90MG GELULE 28,3346.5699999999997,1297,2.58023901310717
3400949761463,OMEPRAZOLE TVS 20MG GELULE 28,3354.99,1207,2.779610604805302
3400930004036,LEVETIRACETAM KRK 250 MG CPR 60,3357.24,237,14.165569620253164
3400930096819,BRIMONIDINE/TIM EG 2MG/5MG/ML COLLYR 1,3359.76,805,4.173614906832299
3400930267066,NA,3369.61,405,8.320024691358025
3400930291719,NA,3370.69,523,6.4449139579349906
3400949002627,GLUCOPHAGE 1000MG CPR AIP MWI 90,3374.35,585,5.768119658119658
3400933817930,"LARMABAK 0,9% COLLYRE FL 10ML 1",3378.52,1171,2.8851579846285227
3400930103777,IVABRADINE ACC 5 MG CPR 56,3382.33,248,13.638427419354839
3400937871761,LAMOTRIGINE EG 25MG CPR DISP 30,3386.7,857,3.951808634772462
3400935045119,PERINDOPRIL KRK 8MG CPR 30,3395.9500000000003,1046,3.2466061185468456
3400949505142,ZYPREXA 5MG CPR (ADP) (BBA) 28,3398.63,156,21.786089743589745
3400927809538,ESCITALOPRAM KRK 5MG CPR 28,3401.44,1060,3.2089056603773587
3400930119105,LACOSAMIDE ACC 50MG CPR 56,3453.43,300,11.511433333333333
3400930245798,PERINDOPRIL HCS 5MG CPR 90,3454.87,416,8.304975961538462
3400933308506,GLUCOSE BLZ 10% SOL INJ POC 1L 1,3456.8399999999997,1295,2.669374517374517
3400949002634,"DECAPEPTYL LP 11,25MG INJ (AIP BBF) 1",3462.7599999999998,13,266.36615384615385
3400930147528,AMLODIPINE/VALSART EVO 10/160MG CPR 90,3475.41,209,16.628755980861243
3400932783458,FRAXIPARINE 9500UI AXA/1ML SOL INJ 10,3486.2200000000003,66,52.82151515151516
3400930256657,PERINDOPRIL/AMLO HCS 5/10MG CPR 30,3488.67,659,5.293884673748103
3400949504190,ZYPREXA VELOTAB 5MG CPR (ADP) 28,3497.16,160,21.85725
3400930245781,PERINDOPRIL HCS 5MG CPR 30,3499.5099999999998,1090,3.210559633027523
3400936924291,HBVAXPRO 5 MCG INJ SER AVEC AIG 1,3500.34,618,5.663980582524272
3400927629617,TELMISARTAN ZYD 80MG CPR 30,3510.78,1101,3.1887193460490466
3400949002818,"DECAPEPTYL LP 11,25MG INJ (AIP PLA) 1",3511.82,13,270.14
3400930228265,NA,3535.8700000000003,28,126.28107142857144
3400926887919,"LOSARTAN HCTZ KRK 50/12,5MG CPR 90",3540.7200000000003,438,8.083835616438357
3400926632076,LOSARTAN KRK 50MG CPR 30,3547.75,1154,3.074306759098787
3400949003792,"AVODART 0,5MG CAPSULE (AIP) (PHL) 30",3549.6,549,6.465573770491803
3400927584510,ATORVASTATINE VIATRIS 10MG CPR 90,3563.62,397,8.976372795969773
3400949497294,ANASTROZOLE ACC 1MG CPR 30,3568.3199999999997,133,26.829473684210523
3400937774918,PERIKABIVEN EMULSION INJ PCE 2400ML 3,3569.16,35,101.976
3400930275474,ERYNJA 2 MG CPR 28,3576.38,431,8.297865429234339
3400930201862,URAPIDIL ZENTIVA LP 30MG GELULE 30,3580.41,1209,2.9614640198511166
3400939174723,OLANZAPINE ALT 5MG CPR 28,3605.9300000000003,221,16.316425339366518
3400930100813,ZONISAMIDE TVC 50 MG GELULE 14,3609.86,998,3.6170941883767536
3400930291764,NA,3616.09,326,11.092300613496933
3400936065710,GLUCOSE BBM 5% SOL INJ POC 250ML 1,3620.95,1902,1.9037592008412196
3400930209288,NA,3689.71,656,5.624557926829269
3400939652580,GLIMEPIRIDE CRT 1MG CPR 30,3692.04,1481,2.492937204591492
3400922358598,ROPINIROLE EG LP 8MG CPR 28,3697.74,155,23.856387096774192
3400926722418,"STABLON 12,5MG CPR 28",3725.37,1179,3.159770992366412
3400930205969,FENTANYL SDZ 400MICROG CPR SUBLING 30,3729.21,112,33.29651785714286
3400935038944,PERINDOPRIL KRK 2MG CPR 90,3746.0299999999997,418,8.961794258373205
3400922300696,BISOPROLOL AHL 10MG CPR 90,3753.7999999999997,368,10.200543478260869
3400930164983,TRAMADOL KRK LP 200MG CPR 30,3767.7799999999997,523,7.204168260038241
3400938529272,LOSARTAN ZYD 100MG CPR 30,3768.67,1187,3.1749536647009267
3400930297452,NA,3787.49,1345,2.815977695167286
3400921810813,"LOSARTAN HCTZ KRK 100/12,5MG CPR 30",3817.28,1266,3.01522906793049
3400949500550,NIVESTIM 30 MUI SOL INJ (ADP BBF) 1,3827.52,68,56.287058823529414
3400934586101,"BETAGAN 0,5% COLLYRE UNIDOSE 0,4ML 60",3834.35,837,4.581063321385902
3400922094830,VALSARTAN ZYD 40 MG CPR 90,3848.72,469,8.206226012793177
3400930319673,NA,3853.12,306,12.5918954248366
3400930300282,NA,3867.46,64,60.4290625
3400934877353,CYCLADOL 20MG CPR EFF 14,3868.2,1877,2.060841768779968
3400922459356,"IFIRMACOMBI 150/12,5 MG CPR 90",3870.8199999999997,473,8.183551797040169
3400930156520,EPLERENONE KRKA 50MG CPR 90,3874.8599999999997,95,40.788
3400930304051,NA,3890.4100000000003,34,114.42382352941178
3400938974041,IMETH 10MG CPR 10,3911.23,526,7.4357984790874525
3400930166772,AMLODIPINE/VALSAT KRK 5MG/160MG CPR 30,3913,648,6.03858024691358
3400930656846,"MELADININE 0,75% SOL 1",3945.05,556,7.095413669064748
3400930228227,DEFERASIROX ACC 90 MG CPR 30,3948.3899999999994,61,64.72770491803277
3400949003204,"AVODART 0,5MG CAPS (AIP)(BBA) 30",3948.54,544,7.258345588235294
3400930264843,NA,3950.3,47,84.04893617021277
3400930262375,TRAMADOL BGR LP 200MG CPR 10,3951.02,1682,2.349001189060642
3400922382142,LEVETIRACETAM ACC 1 000 MG CPR 60,3960.4,178,22.24943820224719
3400934429804,MALARONE 250MG/100MG CPR 12,3974.52,226,17.58637168141593
3400930142707,PERINDOPRIL AMLO HCS 4/10MG CPR 30,3983.84,743,5.3618304172274565
3400930265031,SITAGLIPTINE ZYDUS 100 MG CPR 28,3984.4300000000003,520,7.662365384615385
3400930212325,AMLODIPINE/VALSART ACC 5MG/80MG CP 30,4005.04,769,5.208114434330299
3400927584800,ATORVASTATINE VIATRIS 20MG CPR 90,4010.63,418,9.594808612440191
3400922203492,CANDESARTAN HCS 8MG CPR 30,4021.1499999999996,1258,3.1964626391096975
3400949004430,"NATRIXAM 1,5 MG/5 MG LM CPR 30",4027.7,584,6.8967465753424655
3400930164372,EZETIMIBE/SIMVAST ALT 10MG/20MG CPR 90,4031.28,122,33.043278688524595
3400949002535,XEROQUEL LP 50MG CPR (AIP) (BBFA) 10,4034.95,238,16.95357142857143
3400930138410,DARUNAVIR ZEN 400MG CPR 60,4057.7599999999998,25,162.3104
3400922063492,GLIMEPIRIDE EVO 2MG CPR 30,4061.13,1049,3.871429933269781
3400949485697,ATENOLOL AHL 100MG CPR 90,4061.5,366,11.096994535519126
3400935440488,FENOFIBRATE ZYD 300MG GELULE 30,4061.83,1306,3.1101301684532925
3400939104645,ABSTRAL 300MICROG CPR 10,4085.02,91,44.89032967032967
3400949485529,ATENOLOL AHL 100MG CPR 30,4094.69,1021,4.010470127326151
3400938736748,RELISTOR 12 MG SOL INJ 7,4101.52,26,157.75076923076924
3400935547040,MONTELUKAST BGA 10MG CPR 28,4105.45,599,6.853839732888146
3400930250594,ZONISAMIDE ARW 25 MG GELULE 14,4135.16,1200,3.4459666666666666
3400938527841,LOSARTAN ZYD 50MG CPR 30,4143.58,1353,3.0625129342202513
3400927622922,"OPRYMEA LP 2,1MG CPR 30",4143.65,171,24.231871345029237
3400938811940,"VENLAFAXINE ALT LP 37,5MG GELULE 30",4154.24,1198,3.4676460767946575
3400949004423,LIPOROSA 20 MG/10 MG GELULE AIP DFD 90,4156.0199999999995,97,42.845567010309274
3400934753183,CAPTOPRIL VIATRIS 25MG CPR 90,4156.51,495,8.396989898989899
3400930220238,FENTANYL BGA 600MICROG CPR SUBLING 30,4157.34,339,12.26353982300885
3400930166819,AMLODIPINE/VALSAT KRK 5MG/80MG CPR 30,4171.09,834,5.001306954436451
3400928019516,ROPINIROLE ARW LP 2MG CPR 28,4175.2,730,5.7194520547945205
3400926888398,LOSARTAN HCTZ KRK 100/25MG CPR 90,4183.0599999999995,480,8.714708333333332
3400930021101,FERTISTARTKIT 75 UI PDR ET SOL INJ 10,4204.94,25,168.1976
3400949501557,NA,4205.25,217,19.379032258064516
3400930290583,NA,4208.02,378,11.132328042328043
3400938920222,LOSARTAN HCTZ EG 100/25MG CPR 90,4216.68,485,8.69418556701031
3400939569574,BISOPROLOL BGA 10MG CPR PELL 90,4231.19,406,10.421650246305418
3400930316191,NA,4234.28,16,264.6425
3400930156506,EPLERENONE KRKA 50MG CPR 30,4235.139999999999,297,14.259730639730638
3400934318061,SPIRONOLACTONE PFZ 75MG CPR 30,4237.68,1452,2.918512396694215
3400930250105,LACOSAMIDE ZYD 200 MG CPR 56,4249.2300000000005,91,46.69483516483517
3400957876319,NA,4250.55,123,34.557317073170736
3400930162507,ENALAPRIL ARL 5MG CPR 30,4259.91,1825,2.3341972602739727
3400922063034,GLIMEPIRIDE EVO 1MG CPR 90,4285.48,653,6.562756508422664
3400930142714,PERINDOPRIL AMLO HCS 4/10MG CPR 90,4330.76,301,14.387906976744187
3400930250006,LACOSAMIDE ZYD 50 MG CPR 56,4333.07,359,12.069832869080779
3400922412689,"OPRYMEA 0,18MG CPR 30",4350.83,1144,3.803173076923077
3400927690648,BISOPROLOL KRK 10MG CPR 90,4364.45,428,10.19731308411215
3400938615470,"INDAPAMIDE KRKA LP 1,5MG CPR 30",4395.65,1306,3.36573506891271
3400930089026,NEVIRAPINE CRT 400MG CPR LP 30,4396.63,107,41.09
3400930126172,LACOSAMIDE MEDIPHA 50 MG CPR 14,4398.43,1543,2.850570317563189
3400933898434,LAMICTAL 25MG CPR DISP 30,4428.33,1020,4.3415
3400930179291,GLICLAZIDE KRKA LM 30MG CPR 30,4433.13,1177,3.766465590484282
3400937956321,NIQUITIN 14MG/24H DISP TRANSDER 28,4434.66,265,16.73456603773585
3400930004609,MOVENTIG 12.5 MG CPR 30,4451.6500000000005,83,53.6343373493976
3400922137285,ROPINIROLE EG LP 2MG CPR 28,4454.12,783,5.6885312899106
3400949001699,ZITHROMAX 250MG CPR(AIP) ( BBF) 6,4457.1,773,5.765976714100906
3400927389801,CAPECITABINE ACC 150 MG CPR 60,4464.2,205,21.77658536585366
3400936923690,RIFADINE 600 MG PDR ET SOL INJ 1,4464.99,1328,3.362191265060241
3400936966925,VALPROATE NA BGA LP 500MG CPR 30,4472.8,675,6.6263703703703705
3400930204832,CINACALCET ACP 90MG CPR 28,4475.39,23,194.5821739130435
3400934042874,"DOSTINEX 0,5MG CPR 8",4487.13,250,17.948520000000002
3400930101223,QUETIAPINE EVO LP 300 MG CPR 60,4488.31,151,29.723907284768213
3400930256664,PERINDOPRIL/AMLO HCS 5/10MG CPR 90,4515.26,325,13.893107692307693
3400939397177,CONEBILOX 5MG/25MG CPR 30,4518.8099999999995,1187,3.806916596461668
3400926779078,"VALSARTAN/HCTZ ARG 80/12,5MG CR 30",4533.01,1517,2.9881410678971654
3400949005703,NA,4533.57,150,30.223799999999997
3400949004447,"NATRIXAM 1,5 MG/5 MG LM CPR 90",4564.03,261,17.486704980842912
3400930041093,"PERINDOPRIL INDAP ZYF 2/0,625 MG CPR 30",4571.84,1509,3.029715043074884
3400937914277,LISINOPRIL BGA 20MG CPR 84,4575.7300000000005,549,8.334663023679418
3400932460328,NA,4576.3,342,13.380994152046783
3400933055042,MINIRIN SPRAY 10MICROGR SOL ENDONAS 1,4579.64,273,16.775238095238098
3400930028599,NA,4584.46,11,416.7690909090909
3400930165003,TRAMADOL KRK LP 150MG CPR 30,4588.0599999999995,815,5.6295214723926374
3400930163061,RISEDRONATE ZYF 35MG CPR 4,4593.4,647,7.099536321483771
3400922198897,"ZOLMITRIPTAN SDZ 2,5MG CPR ORODISP 12",4596.36,508,9.047952755905511
3400930167809,ZORYON 5MG GELULE 7,4612.53,575,8.021791304347826
3400930040096,PREGABALINE ACC 25 MG GELULE 56,4616.91,1239,3.726319612590799
3400921968170,"BISOPROLOL HCTZ CRT 10/6,25MG CPR 30",4616.94,1343,3.4377810871183914
3400930305690,NA,4635.7699999999995,302,15.35023178807947
3400930097298,NA,4649.1,1428,3.2556722689075634
3400949004461,"NATRIXAM 1,5 MG/10 MG CPR LM (AIP) 90",4656.64,268,17.375522388059704
3400930228203,MYRELEZ LP 60 MG SOL INJ 1,4675.1500000000005,9,519.4611111111112
3400930146194,SOLIFENACINE HCS 10MG CPR 30,4679.11,1450,3.2269724137931033
3400926632717,LOSARTAN KRK 100MG CPR 90,4691.11,554,8.467707581227437
3400934628474,"REPAGLINIDE TVC 0,5 MG CPR 270",4692.22,270,17.378592592592593
3400938260601,GLIMEPIRIDE ZYD 2MG CPR 90,4697.360000000001,441,10.651609977324265
3400930261200,DABIGATRAN ETEX GALENICUM 75MG GEL 30,4705.49,723,6.508284923928077
3400927349010,EUCREAS 50 MG/1000 MG CPR 60,4716.51,303,15.566039603960396
3400949002351,CORDARONE 200 MG CPR (AIP) (BBF) 30,4719.27,540,8.73938888888889
3400949501182,ZARZIO 48 MUI SOL INJ SER ADP PHARMA 1,4727.24,52,90.90846153846154
3400949500840,LYRICA 50 MG GELULE (ADP)(BBF) 84,4733.75,236,20.05826271186441
3400949004454,"NATRIXAM 1,5 MG/10 MG CPR LM (AIP) 30",4741.07,676,7.013417159763313
3400949004522,NOZINAN 100 MG CPR PELL (AIP ) 20,4748.51,502,9.459183266932271
3400930033265,NORVIR 100MG PDR SUSP BUV 30,4751.67,203,23.407241379310346
3400922095080,VALSARTAN ZYD 80 MG CPR 30,4751.86,1530,3.1057908496732023
3400928020116,ROPINIROLE ARW LP 4MG CPR 28,4760.5199999999995,412,11.554660194174756
3400939491301,ONDANSETRON CRT 8MG CPR 2,4760.63,1048,4.542585877862596
3400930315194,NA,4784.09,127,37.67
3400934052750,ZOLTUM 10 MG GELULE 30,4796.56,1334,3.5956221889055477
3400938179255,CLARITHROMYCINE TVC 500MG CPR 10,4809.14,903,5.325736434108528
3400938261370,GLIMEPIRIDE ZYD 4MG CPR 90,4809.8,354,13.587005649717515
3400927459160,ROPINIROLE BGA LP 4MG CPR 28,4826.4,437,11.044393592677345
3400939650630,NICORETTESKIN 15MG/16H D TRANSDERM 7,4836.48,1153,4.194692107545533
3400934364884,QUINIMAX 125MG CPR 18,4874.96,218,22.362201834862386
3400927731433,ELETRIPTAN QVR 40MG CPR PEL 10,4876.62,625,7.802592
3400930306857,NA,4884.64,18,271.36888888888893
3400927403279,"RAMIPRIL KRKA 1,25MG CPR 30",4893.53,1553,3.151017385705087
3400935582928,AMOXICILLINE TVS 1G CPR DISP 14,4902.57,1719,2.8519895287958112
3400922228518,REPAGLINIDE ACC 2MG CPR 90,4906.29,800,6.1328625
3400949012893,XATRAL LP 10MG CPR (AIP) (MWI IT) 30,4908.83,904,5.430121681415929
3400949668861,ATOVAQ/PROGUAN AFS 250/100MG CPR 12,4910.61,415,11.83279518072289
3400922298825,BISOPROLOL AHL 5MG CPR 90,4923.29,936,5.2599252136752135
3400927926662,MOXIFLOXACINE KRK 400 MG CPR 7,4934.68,698,7.0697421203438395
3400938422771,VALACICLOVIR ALT 500MG CPR 10,4938.19,858,5.7554662004662
3400941948404,ATORVASTATINE HCS 80MG CPR 30,4941.15,1374,3.59617903930131
3400930300190,NA,4968.46,109,45.58220183486239
3400930165973,ATAZANAVIR BGA 150MG GELULE 60,5021.29,31,161.97709677419354
3400933010966,"FRAGMINE 2 500UI AXA/0,2ML SOL INJ 2",5028.87,1069,4.704275023386343
9999999999999,INCONNU,5057.38,1748,2.893237986270023
3400921968699,"BISOPROLOL HCTZ CRT 5/6,25MG CPR 30",5062.41,1483,3.413627781523938
3400921617535,"VALSARTAN/HCTZ CRT 80/12,5MG CPR 30",5071.97,1730,2.9317745664739885
3400949501793,NA,5085.01,115,44.21747826086957
3400927629037,TELMISARTAN ZYD 40MG CPR 30,5085.96,1611,3.1570204841713223
3400930004678,MOVENTIG 25MG CPR 30,5091.44,98,51.9534693877551
3400949003846,"DECAPEPTYL LP 11,25MG PDR SOL AIP 1",5094.660000000001,19,268.14000000000004
3400922064093,GLIMEPIRIDE EVO 3MG CPR 30,5109.47,1111,4.5989828982898295
3400930154182,"METHOTREXATE ACC 2,5 MG CPR 24",5120.05,1148,4.459973867595819
3400935295408,"BISOPROLOL BGR 1,25MG CPR 30",5134.12,1316,3.901306990881459
3400938261202,GLIMEPIRIDE ZYD 4MG CPR 30,5157.94,1139,4.5284811237928
3400939985138,SERTRALINE ALT 50MG GELULE 28,5160.11,1530,3.3726209150326794
3400933495657,LAMISIL 250 MG CPR 14,5190.02,615,8.439056910569107
3400930252987,"PERINDOPRIL INDAP HCS 10/2,5MG CPR 90",5198.39,361,14.399972299168976
3400941690266,"CANDESARTAN/HCTZ HCS 8/12,5 CPR 90",5222.67,624,8.369663461538462
3400938260540,GLIMEPIRIDE ZYD 2MG CPR 30,5235.08,1366,3.832415812591508
3400935295576,"BISOPROLOL BGR 1,25MG CPR 90",5243.01,505,10.382198019801981
3400930315866,NA,5248.0599999999995,572,9.174930069930069
3400949005642,NA,5273.8,140,37.67
3400939500386,FLUVASTATINE VTS 40MG GELULE 90,5279.54,534,9.886779026217228
3400930250600,ZONISAMIDE ARW 50 MG GELULE 14,5283.7699999999995,1493,3.5390288010716673
3400936558076,AMISULPRIDE ZEN 400MG CPR 30,5288.65,404,13.090717821782178
3400939468129,SIMVASTATINE ZYF 40MG CPR 30,5291.84,1453,3.64200963523744
3400926780029,"VALSARTAN/HCTZ ARG 160/12,5MG CPR 30",5306.62,1730,3.0674104046242774
3400927384028,IRBESARTAN ACC 75MG CPR PELL 90,5309.07,643,8.256718506998444
3400930112168,PROPAFENONE ACC 300MG CPR 30,5318.49,1671,3.182818671454219
3400949004089,COVERAM 10MG/10MG CPR(AIP) 30,5319.02,681,7.810602055800294
3400937198493,SIMVASTATINE VTS 20MG CPR 84,5325.57,615,8.659463414634146
3400930303146,NA,5341.63,16,333.851875
3400930065068,CLOPIDOGREL BGR 75 MG CPR 30,5358.75,731,7.330711354309165
3400930313411,NA,5366,159,33.74842767295598
3400930484500,HEPARINE NA CHOAY 25 000UI/5ML INJ 1,5387.53,1187,4.538778433024431
3400937870290,LAMOTRIGINE EG 100MG CPR DISP 30,5388.47,626,8.607779552715655
3400939327150,LOSARTAN EG 50MG CPR 90,5411.26,640,8.45509375
3400922206226,CANDESARTAN HCS 16MG CPR 30,5415.0199999999995,1746,3.101386025200458
3400930167915,ZORYON 20MG GELULE 7,5441.5199999999995,671,8.10956780923994
3400933961688,LARIAM 250MG CPR 8,5450.65,283,19.26024734982332
3400930264805,DIMETHYL FUMARATE BGR 240 MG GELULE 56,5452.929999999999,16,340.80812499999996
3400926643881,CLOPIDOGREL BGR 75 MG CPR 30,5464.28,730,7.485315068493151
3400949501366,NA,5477.610000000001,14,391.2578571428572
3400930212332,AMLODIPINE/VALSART ACC 5MG/80MG CP 90,5497.21,410,13.407829268292684
3400949408528,CLARITHROMYCINE TVC LM 500MG CPR 5,5498.62,1930,2.849025906735751
3400934126024,GABITRIL 5MG CPR 50,5500.33,234,23.50568376068376
3400930174043,LOSARTAN HCTZ CRP 100/25MG CPR 30,5525.86,1777,3.1096567248171074
3400927815911,NA,5530.7,265,20.87056603773585
3400932726677,GLUCANTIME 1500 MG SOL INJ 5,5532.43,156,35.46429487179488
3400922095370,VALSARTAN ZYD 160MG CPR 90,5547.97,642,8.641697819314642
3400949004096,COVERAM 10MG/10MG CPR(AIP) 90,5553.63,281,19.763807829181495
3400927422959,RIZATRIPTAN SDZ 10MG CPR ORODISP 6,5565.07,1230,4.524447154471544
3400938528152,LOSARTAN ZYD 50MG CPR 90,5573.54,662,8.419244712990936
3400935038593,PERINDOPRIL KRK 2MG CPR 30,5575.4000000000005,1667,3.3445710857828437
3400930040218,PREGABALINE ACC 200 MG GELULE 84,5603.41,276,20.302210144927535
3400937736596,AMOX/AC CLAV BGR 1G/125MG AD SACH 12,5642.85,1327,4.252336096458176
3400928030399,FORMOTEROL ZEN 12 MICROG PDR INH GEL 30,5652.99,1320,4.282568181818181
3400949500536,LYRICA 75 MG GELULE 56 DIFARMED 56,5670.29,295,19.221322033898304
3400937916288,FENOFIBRATE CRSTP 300MG GELULE 30,5679.7699999999995,1827,3.10879584017515
3400939440842,SIMVASTATINE ZYF 40MG CPR 90,5691.39,581,9.795851979345956
3400949886234,MONTELUKAST KRK 5MG CPR CROQ 28,5704.3099999999995,918,6.2138453159041385
3400930017401,ARIPIPRAZOLE TVC 15MG CPR 28,5716.92,353,16.195240793201133
3400930152102,AC ZOLEDRONIQUE AAN 5MG SOL IN 1,5735.24,55,104.2770909090909
3400933548278,IKOREL 20MG CPR 30,5745.8499999999995,910,6.314120879120878
3400936742420,AMISULPRIDE ZEN 100MG CPR 30,5760.91,619,9.306801292407108
3400930290057,NA,5761.93,592,9.732989864864866
3400930086490,EPLERENONE ACC 25MG CPR 90,5762.98,145,39.74468965517241
3400934394232,"NARAMIG 2,5MG CPR 6",5772.58,1171,4.929615713065756
3400930054734,ROSUVASTATINE BGA 10MG CPR 90,5778.32,449,12.869309576837416
3400936344846,EMTRIVA 10 MG/ML SOL BUV FL 170ML 1,5785.58,163,35.49435582822086
3400930305676,NA,5787.24,382,15.149842931937172
3400935395672,BCG MEDAC PDR+SOL INJ 1,5814.55,37,157.15
3400930201428,"ENOXAPARINE ARW 8000UI/0,8ML INJ SER 2",5822.3,655,8.889007633587786
3400949000067,COVERAM 10MG/5MG CPR (AIP)(MWI)(PL) 30,5838.46,739,7.900487144790257
3400933433215,"INNOHEP 3 500UI AXA/0,35ML SOL INJ 2",5846.39,1186,4.929502529510962
3400938994780,"INDAPAMIDE ZYD LP 1,5MG CPR 90",5867.04,627,9.35732057416268
3400922065274,GLIMEPIRIDE EVO 4MG CPR 30,5874.179999999999,1277,4.599984338292874
3400939653242,GLIMEPIRIDE CRT 4MG CPR 30,5882.5599999999995,1286,4.574307931570762
3400930041475,PREGABALINE HCS 100 MG GELULE 84,5897.42,437,13.495240274599542
3400930111765,ROSUVASTATINE KRK 20MG CPR 90,5901.22,417,14.151606714628297
3400930261231,DABIGATRAN ETEX GALENICUM 110MG GEL 30,5901.6,918,6.428758169934641
3400927384318,IRBESARTAN ACC 300MG CPR PELL 30,5911.91,1761,3.3571323111868256
3400938615821,"INDAPAMIDE KRKA LP 1,5MG CPR 90",5920.65,621,9.534057971014493
3400935295637,"BISOPROLOL BGR 2,5MG CPR 30",5940.13,1550,3.8323419354838713
3400927690129,BISOPROLOL KRK 10MG CPR 30,5961.96,1563,3.814433781190019
3400937348140,FENOFIBRATE ZYD 160MG CPR 30,5968.18,1451,4.1131495520330805
3400930042380,DULOXETINE ACC 30MG GELULE 28,5970.15,1649,3.620466949666464
3400939652290,GLIMEPIRIDE CRT 2 MG CPR 30,5989.17,1551,3.8614893617021275
3400937348959,FENOFIBRATE ALM 160MG CPR 30,6002.47,1439,4.171278665740098
3400930124208,ENALAPRIL/LER KRK 20MG/10MG CPR 90,6013.67,461,13.044837310195227
3400930021354,"ALMOTRIPTAN EG 12,5MG CPR 6",6028.49,1332,4.525893393393393
3400930252970,"PERINDOPRIL INDAP HCS 10/2,5MG CPR 30",6037.47,1176,5.13390306122449
3400930201909,URAPIDIL ZENTIVA LP 60MG GELULE 30,6064.01,1099,5.517752502274796
3400922461366,IFIRMACOMBI 300/25 MG CPR 90,6076.34,692,8.780838150289018
3400930205976,FENTANYL SDZ 600MICROG CPR SUBLING 30,6106.44,96,63.60874999999999
3400927949036,PLEGRIDY 63/94 MCG SOL INJ SER 2,6121.09,13,470.8530769230769
3400930102596,LEVOD/C/E TVC 50/12.5/200MG CPR 100,6153.93,150,41.0262
3400922064444,GLIMEPIRIDE EVO 3MG CPR 90,6162.41,451,13.663880266075388
3400930017241,ARIPIPRAZOLE TVC 10MG CPR 28,6171.65,382,16.156151832460733
3400930305331,DIAMOX 500 MG PDR ET SOL INJ 1,6184.83,591,10.46502538071066
3400939191690,"ZOLMITRIPTAN ZYF 2,5MG CPR ORODISP 6",6199.47,1384,4.479385838150289
3400922065625,GLIMEPIRIDE EVO 4MG CPR 90,6200.24,457,13.5672647702407
3400930119259,LACOSAMIDE ACC 200MG CPR 56,6221.4400000000005,133,46.77774436090226
3400921939255,LEVETIRACETAM SDZ 100MG/ML SOL BUV 1,6237.33,181,34.460386740331494
3400937955959,NIQUITIN 21MG/24H DISP TRANSDER S 28,6246.389999999999,369,16.927886178861787
3400930073964,EZETIMIBE ALT 10MG CPR 30,6261.12,523,11.971548757170172
3400930235089,"LETROZOLE ALTER 2,5 MG CPR 30",6265.74,165,37.97418181818182
3400949344550,PANTOPRAZOLE SUN 40 MG PDR INJ 1,6349.22,1714,3.704329054842474
3400933935436,KYTRIL 3 MG SOL INJ 1,6351.360000000001,377,16.847108753315652
3400930131602,PREGABALINE ZYD 25 MG GELULE 84,6407.2699999999995,1161,5.518751076658053
3400930127063,DARUNAVIR EG 400MG CPR 60,6409.6,40,160.24
3400935313997,"BISOCE 1,25MG CPR 30",6415.23,1662,3.859945848375451
3400949503940,ZYPREXA 5MG CPR (ADP) 28,6415.9400000000005,290,22.12393103448276
3400932360161,JOSACINE 500MG/5ML GRANULES 1,6533.75,1120,5.833705357142857
3400922206745,CANDESARTAN HCS 16MG CPR 90,6537.67,748,8.740200534759358
3400930163047,RISEDRONATE ZYF 75MG CPR 6,6565.09,316,20.775601265822786
3400937533324,"ZOLMITRIPTAN EVO 2,5MG CPR 12",6569.82,722,9.099473684210526
3400930180532,OCTREOTIDE TVC LP 30 MG INJ SER 1,6581.9,13,506.29999999999995
3400930041550,PREGABALINE HCS 200 MG GELULE 84,6641.26,327,20.30966360856269
3400949005437,NA,6655.77,438,15.195821917808221
3400930170168,APREPITANT 80MG+125MG ACC GELULE 3,6656.61,309,21.542427184466018
3400930067758,VAXIGRIPTETRA SUSP INJ SER 0.5ML A/A 1,6676.17,810,8.242185185185186
3400935196941,ZEFFIX 5 MG/ML SOL BUV 1,6683.9400000000005,187,35.742994652406416
3400930135167,"IVABRADINE ZYD 7,5 MG CPR 56",6694.5,474,14.123417721518987
3400922095141,VALSARTAN ZYD 80 MG CPR 90,6785.52,833,8.145882352941177
3400930008256,TRAVOPROST SDZ 40 MCG/ML COLLYRE 1,6825.16,1731,3.942900057770075
3400930126004,"METHOTREXATE ACC 50MG/ML S0,45ML 1",6836.82,520,13.147730769230769
3400949000401,"FEMARA 2,5 MG CPR (AIP)(BBA) 30",6878.49,195,35.274307692307694
3400939653990,GLIMEPIRIDE CRT 3 MG CPR 30,6922.45,1510,4.584403973509934
3400927610806,NEVIRAPINE SDZ 200MG CPR 60,6926.91,69,100.39
3400926827137,OLANZAPINE ACC 5MG CPR 28,6938.389999999999,420,16.51997619047619
3400932882724,ANANDRON 50MG CPR 90,6943.32,54,128.57999999999998
3400939343709,"PRAMIPEXOLE EG 0,7MG CPR 100",6952.78,135,51.50207407407407
3400922203904,CANDESARTAN HCS 8MG CPR 90,6967.35,833,8.364165666266507
3400930003220,LEVOD/C/E EG 50/12.5/200MG CPR 100,6992.719999999999,163,42.9001226993865
3400930246092,LERCANIDIPINE ACC 10MG CPR 90,7004.18,623,11.242664526484752
3400935784902,"DUOVA 1MG/2,5MG CPR 28",7016.34,1616,4.341794554455445
3400930194843,TOPIRAMATE ARL 200 MG CPR 30,7030.61,667,10.540644677661168
3400930185773,APREPITANT CRT 80 MG GELULE 2,7048.25,493,14.296653144016227
3400935785381,DUOVA 2MG/5MG CPR 28,7049.96,1610,4.378857142857143
3400937296878,SPIRONOLACTONE PFZ 75MG CPR 90,7062.47,872,8.099162844036698
3400936594845,NAVELBINE 20MG CAPSULE 1,7095.639999999999,267,26.575430711610483
3400930656785,"MELADININE 0,1% SOL 1",7096.41,1012,7.012262845849802
3400927629846,TELMISARTAN ZYD 80MG CPR 90,7104.5999999999995,844,8.41777251184834
3400935042217,PERINDOPRIL KRK 4MG CPR 90,7114.07,809,8.793658838071693
3400939652641,GLIMEPIRIDE CRT 1MG CPR 90,7118.9000000000005,1093,6.513174748398902
3400935785152,DUOVA 1MG/5MG CPR 28,7138.15,1650,4.326151515151515
3400927499432,LEVETIRACETAM ZYD 1 000MG CPR 60,7147,338,21.144970414201183
3400930053935,ROSUVASTATINE ACC 20MG CPR 90,7152.03,508,14.078799212598424
3400935837004,CELIPROLOL ZYD 200MG CPR 28,7218.32,1769,4.080452232899943
3400949000852,TAHOR 10 MG CPR (AIP) (BBA) 90,7225.78,679,10.641796759941089
3400927458569,ROPINIROLE BGA LP 2MG CPR 28,7276.28,1286,5.658071539657854
3400937232883,FORTUM 500MG ENF NR PDR INJ 1,7383.870000000001,1537,4.804079375406637
3400949501021,PELGRAZ 6 MG SOL INJ SER (ADP)(BBF) 1,7451.9,18,413.9944444444444
3400930158463,LEVETIRACETAM EG SOL BUV300ML+S10ML 1,7453.219999999999,209,35.661339712918654
3400930098127,ENOXAPARINE CRU 8000UI/0.8ML SER 2,7456.94,835,8.930467065868262
3400949501267,ZIEXTENZO 6 MG SER SOL INJ ADP BBF 1,7458.860000000001,19,392.57157894736844
3400930300114,NA,7505.84,187,40.13818181818182
3400922063782,GLIMEPIRIDE EVO 2MG CPR 90,7515.57,700,10.736528571428572
3400938814781,"TRANDOLAPRIL BGA 0,5MG GELULE 84",7582.13,1803,4.20528563505269
3400938261080,GLIMEPIRIDE ZYD 3MG CPR 30,7615.16,1686,4.516702253855279
3400935314369,"BISOCE 2,5MG CPR 90",7616.799999999999,719,10.593602225312933
3400934216992,"INNOHEP 4 500UI AXA/0,45ML SOL INJ 2",7627.03,1154,6.60921143847487
3400922414980,ZALASTA 10MG CPR 28,7649.76,844,9.063696682464455
3400949002597,"AVODART 0,5MG CAPSULE (AIP) (MDW IT) 30",7660.33,957,8.004524555903867
3400930249499,NA,7687.1,331,23.223867069486406
3400949004058,COVERAM 10MG/5MG CPR (AIP) 30,7717.03,999,7.724754754754755
3400930169759,APREPITANT EG 80 MG GELULE 2,7720.53,536,14.403973880597015
3400926632366,LOSARTAN KRK 50MG CPR 90,7735.32,912,8.481710526315789
3400930244043,VILDAGLIPTINE TIEFENBACHER 50MG CPR 30,7748.66,1886,4.108515376458112
3400933666354,KLEAN PREP PDR ORALE SACHET 4,7765.01,1406,5.522766714082504
3400949500611,LYRICA 75 MG GELULE 56 BB FARMA 56,7774.8,415,18.7344578313253
3400930041406,PREGABALINE HCS 50 MG GELULE 84,7779.07,857,9.077094515752625
3400936224759,GLIVEC 100MG CPR 60,7798.67,21,371.3652380952381
3400930040188,PREGABALINE ACC 150 MG GELULE 56,7807.0199999999995,554,14.092093862815883
3400930203231,AMLODIPINE/VALSART ZYD 5MG/80MG CPR 30,7814.74,1513,5.165062789160608
3400926827946,OLANZAPINE ACC 10MG CPR 28,7825.089999999999,858,9.120151515151514
3400935653468,VITAMINE E PRO 100 MG/2 ML SOL INJ 6,7843.49,1849,4.242017306652245
3400930261378,RISEDRONATE CRISTERS PHARM 75MG CPR 6,7874.05,372,21.16680107526882
3400930111444,ROSUVASTATINE KRK 10MG CPR 30,7876.05,1622,4.855764488286066
3400926883836,NA,7877.74,110,71.61581818181818
3400930012109,"RETACRIT 2000 UI/0,6ML INJ SER + D 6",7893.2,155,50.923870967741934
3400930025666,EPLERENONE ZYD 50MG CPR 30,7903.969999999999,558,14.164820788530465
3400939554785,"OLANZAPINE EVO 7,5MG CPR 28",7964.79,744,10.705362903225806
3400933304072,DIPENTUM 250MG GELULE 100,7967.7699999999995,249,31.999076305220882
3400949501717,NA,7969.5,21,379.5
3400927404511,"RAMIPRIL KRKA 2,5MG CPR 90",7970.89,874,9.120011441647598
3400921969412,"BISOPROLOL HCTZ CRT 2,5/6,25 CPR 90",7985.5199999999995,906,8.814039735099337
3400939651002,NICORETTESKIN 25MG/16H D TRANSDERM 7,7991.99,1892,4.224096194503171
3400941703546,NICORANDIL ALM 20MG CPR 30,8014.99,1326,6.044487179487179
3400927622632,"OPRYMEA LP 1,05MG CPR 30",8027.12,625,12.843392
3400937936859,FLUCONAZOLE ZYD 50MG GELULE 7,8128.5,1082,7.512476894639557
3400933776794,XENETIX 300 SOL INJ FL 20ML 1,8133.86,1727,4.709820497973364
3400938261141,GLIMEPIRIDE ZYD 3MG CPR 90,8151.42,609,13.384926108374385
3400930187661,MOVYMIA 20 MICROG/80 MICROL INJ STYL 1,8163.34,49,166.5987755102041
3400949501465,NIVESTIM 30 MUI SOL INJ (ADP ABACUS) 1,8215.8,146,56.272602739726025
3400930053812,ROSUVASTATINE ACC 10MG CPR 30,8241.8,1770,4.65638418079096
3400936911055,MORPHINE CHL AGT 50 MG INJ 10,8250.09,1109,7.4392155094679895
3400930180990,"LOSARTAN /HYD CRP 50/12,5 CPR 90",8303.43,1011,8.213086053412463
3400930159927,EZETIMIBE/SIMVAST KRK 10MG/20MG CPR 30,8330.32,661,12.602602118003025
3400927916786,EZETIMIBE VTS 10MG CPR 30,8340.69,749,11.135767690253672
3400936131637,ROXITHROMYCINE TVC 100MG CPR 16,8357.01,1886,4.431076352067868
3400939104874,ABSTRAL 400MICROG CPR 10,8373.57,510,16.418764705882353
3400939139135,TOPIRAMATE BGR 200 MG CPR 28,8378.85,851,9.845887191539365
3400926826826,"LATANOPROST/TIM ZEN CY 2,5ML 3",8412.15,582,14.453865979381442
3400949485000,ATENOLOL AHL 50MG CPR 90,8525.83,1310,6.508267175572519
3400949002863,CACIT VIT D3 1000MG/880UI GRN AIPMWI 90,8551.039999999999,786,10.87918575063613
3400930167854,ZORYON 10MG GELULE 7,8566.07,1050,8.158161904761904
3400934147135,LAMICTAL 50 MG CPR DISP 30,8577.84,1161,7.388320413436692
3400930302507,NA,8588.8,25,343.55199999999996
3400930251553,RISEDRONATE EVO 35MG CPR PEL 4,8610.57,1216,7.081060855263158
3400949501625,NA,8644.640000000001,31,278.8593548387097
3400930003626,"LEVOD/C/E EG 75/18,75/200MG CPR 100",8661.32,200,43.306599999999996
3400949501328,BINOCRIT 30 000UI SER INJ ADP 1,8685.46,72,120.63138888888888
3400930272473,NA,8693.99,1604,5.420193266832918
3400938940091,"IPRATROPIUM TVC 0,25MG/1ML ENF INHAL 30",8707.6,1295,6.7240154440154445
3400930287552,NA,8708.43,1195,7.287389121338912
3400930233726,ENANTONE LP 1.88MG PDR INJ SER 1,8738.7,153,57.115686274509805
3400939201030,FINASTERIDE ACC 5MG CPR 28,8796.6,1559,5.642463117382938
3400939983936,CLOPIDOGREL TPH 75 MG CPR 30,8868.66,1209,7.335533498759305
3400949501618,NA,8914.77,23,387.59869565217394
3400930220146,FENTANYL BIOGARAN 200MCG CPR SUB 10,8915.42,630,14.151460317460318
3400930164723,QUETIAPINE KRK LP 400 MG CPR 60,8950.14,209,42.82363636363636
3400941949005,ATORVASTATINE HCS 80MG CPR 90,8964.28,836,10.722822966507177
3400927497070,RALOXIFENE CRT 60MG CPR 28,8967.88,1142,7.85278458844133
3400927946363,ISENTRESS 100MG GRANULES SUSP BUV 60,9029.84,42,214.9961904761905
3400930017319,ARIPIPRAZOLE TVC 5MG CPR 28,9063.72,592,15.310337837837837
3400930136164,FILIOP 40MCG/5MG/ML COLLYRE 1,9091.63,1383,6.573846710050614
3400930217054,FOSINOPRIL ARL 10MG CPR 90,9101.22,1087,8.372787488500459
3400930166048,RISEDRONATE ZYF 35MG CPR 12,9122.15,457,19.9609409190372
3400939682396,"PRAMIPEXOLE ZEN 0,7MG CPR 100",9126.76,172,53.062558139534886
3400936592834,TERBINAFINE EG 250MG CPR 14,9126.8,1606,5.682938978829389
3400930048252,RASAGILINE KRKA 1 MG CPR 30,9133.039999999999,252,36.24222222222222
3400937148528,"PHYSIOTENS 0,2MG CPR 90",9139.17,909,10.054092409240925
3400930245071,"ENOXAPARINE TVC 8000UI/0,8ML INJ SER 2",9228.869999999999,1030,8.960067961165047
3400934822353,TETRAVAC ACELLULAIRE INJ 1,9261.289999999999,1103,8.396455122393471
3400930212356,AMLODIPINE/VALSARTAN ACC 5/160MG CPR 90,9281.83,566,16.39899293286219
3400922414690,ZALASTA 5MG CPR 28,9291.81,567,16.387671957671955
3400930041499,PREGABALINE HCS 150 MG GELULE 56,9324.9,717,13.005439330543933
3400949501311,NA,9326.31,55,169.5692727272727
3400949501526,NA,9339.16,170,54.936235294117644
3400930038352,NUCALA 100 MG PDR SOL INJ 1,9366.240000000002,11,851.4763636363638
3400930142660,PERINDOPRIL AMLO HCS 4/5MG CPR 30,9377.19,1734,5.4078373702422144
3400930056509,ENALAPRIL/LER BCR 20MG/10MG CPR 30,9427.84,1941,4.8572076249356
3400930008720,VALGANCICLOVIR VTS 450MG CPR 60,9441.76,16,590.11
3400930220245,FENTANYL BGA 800MICROG CPR SUBLING 30,9516.44,862,11.039953596287704
3400930279670,NA,9522.5,1839,5.178085916258836
3400930266731,IMATINIB ACC 100 MG CPR 60,9536.89,27,353.21814814814815
3400937460880,SPIRAMYCINE CRT 3MUI CPR 16,9584.66,1470,6.520176870748299
3400938652321,MATRIFEN 75MICROG/H DISP TRANSDER 5,9605.58,470,20.437404255319148
3400949501380,NA,9612.91,47,204.53
3400937166447,"NOVONORM 0,5 MG CPR 270",9613.64,511,18.813385518590998
3400930311769,NA,9621.85,494,19.477429149797572
3400937348430,FENOFIBRATE ZYD 160MG CPR 90,9656.9,824,11.719538834951456
3400927629327,TELMISARTAN ZYD 40MG CPR 90,9680.380000000001,1166,8.30221269296741
3400930144121,"IMRALDI 40 MG SOL INJ STYLO 0,8ML 2",9692.240000000002,24,403.8433333333334
3400949004065,COVERAM 10MG/5MG CPR (AIP) 90,9723.23,480,20.256729166666666
3400934126482,GABITRIL 15MG CPR 50,9734.62,170,57.262470588235296
3400930085967,EZETIMIBE ACC 10MG CPR 28,9776.11,918,10.649357298474946
3400930204825,CINACALCET ACP 60MG CPR 28,9787.7,78,125.48333333333335
3400936034082,NA,9806.82,1435,6.834020905923345
3400949500833,EMEND 80 MG ET 125 MG GELULES 2 3,9818.24,267,36.772434456928835
3400930130926,EZETIMIBE/SIMVAST TVC 10MG/40MG CPR 90,9840.37,262,37.55866412213741
3400930280331,NA,9852.57,117,84.21
3400930309971,NA,9882.14,65,152.03292307692305
3400930305737,NA,9891.46,100,98.9146
3400930235485,"ACCOFIL 12 MUI/0,2 ML SOL INJ SER 1",9916.5,331,29.959214501510573
3400935295866,"BISOPROLOL BGR 2,5MG CPR 90",9958.949999999999,954,10.439150943396225
3400934944680,HUMALOG MIX 50 300UI SUSP INJ CART 5,9979.4,376,26.54095744680851
3400930040140,PREGABALINE ACC 75 MG GELULE 56,10005.59,1091,9.171026581118241
3400930193310,NEBIVOLOL KRK 5MG CPR 90,10022.86,1098,9.128287795992714
3400939653303,GLIMEPIRIDE CRT 4MG CPR 90,10037.91,737,13.619959294436907
3400949005499,ARIMIDEX 1MG CPR (AIP) (DFR) 30,10076.449999999999,360,27.990138888888886
3400935628855,"PERINDOPRIL INDAP 2MG/0,625MG CPR 90",10087.18,1222,8.254648117839608
3400938953688,"SALBUTAMOL TVC 2,5MG/2,5ML INHAL 60",10099.31,1129,8.945358724534985
3400936923171,MYLERAN 2MG CPR 25,10104.93,173,58.410000000000004
3400930159989,EZETIMIBE/SIMVAST KRK 10MG/40MG CPR 30,10105.33,733,13.786261937244202
3400930235492,"ACCOFIL 70 MUI/0,73 ML SOL INJ SER 1",10114.88,73,138.56
3400930244333,NA,10124.199999999999,738,13.71842818428184
3400936299740,GLUCOSE LAV 30% SOL INJ AB 20ML 10,10203,1713,5.9562171628721545
3400949500857,LYRICA 100 MG GELULE ADP BB FARMA 84,10213.08,351,29.097094017094015
3400931623359,TERCIAN 50 MG SOL INJ 5,10243.949999999999,722,14.188296398891966
3400933867966,FLUCONAZOLE PFZ 50MG GELULE 7,10273.05,1378,7.4550435413642955
3400939743004,"FRAGMINE 7 500UI AXA/0,3ML SOL INJ 10",10391.23,221,47.019140271493214
3400930236130,METFORMINE ACC 850 MG CPR PEL SEC 90,10393.13,1947,5.338022598870056
3400930212585,LAMIVUDINE TBV 150MG CPR 60,10401.029999999999,163,63.809999999999995
3400922099972,OLANZAPINE EVO 5MG CPR DISP 28,10411.07,662,15.726691842900301
3400937124744,CELIPROLOL ZYD 200MG CPR 90,10423.58,853,12.219906213364595
3400927622403,"OPRYMEA LP 0,52MG CPR 30",10453.85,1722,6.070760743321719
3400930166758,AMLODIPINE/VALSAT KRK 10MG/160MG CPR 30,10488.67,1716,6.1122785547785545
3400930090855,"IPRATROPIUM ZEN 0,25MG/1ML ENF INHAL 30",10491.03,1554,6.750984555984556
3400930316207,NA,10494.27,19,552.33
3400930044629,"PERINDOPRIL INDAP ZYF 2/0,625 MG CPR 90",10546.32,1266,8.33042654028436
3400927405341,RAMIPRIL KRKA 5MG CPR 90,10582.6,1169,9.052694610778444
3400930272817,AMLODIPINE KRKA D.D 10MG CPR 90,10612.05,1239,8.56501210653753
3400930025680,EPLERENONE ZYD 50MG CPR 90,10613.08,277,38.314368231046934
3400938678116,JANUMET 50MG/1000MG CPR 56,10618.85,669,15.87272047832586
3400921618075,"VALSARTAN/HCTZ CRT 80/12,5MG CPR 90",10657.43,1331,8.007084898572502
3400928020635,ROPINIROLE ARW LP 8MG CPR 28,10667.13,467,22.841820128479657
3400930277362,TERIFLUNOMIDE TEVA 14 MG CPR 28,10693.69,41,260.82170731707316
3400937197434,FENOFIBRATE ZYD 300MG GELULE 90,10736.81,1327,8.091039939713639
3400930117743,EZETIMIBE/SIMVAST TVC 10MG/40MG CPR 30,10739.63,775,13.857587096774193
3400927498190,LEVETIRACETAM ZYD 250MG CPR 60,10745.16,762,14.101259842519685
3400930041420,PREGABALINE HCS 75 MG GELULE 56,10767.16,1211,8.891131296449215
3400949955572,"REPAGLINIDE ZYD 0,5MG CPR 90",10790.71,1741,6.1979954049396895
3400930105474,ENTECAVIR ZYD 1 MG CPR 30,10811.07,72,150.15375
3400930034217,ARIPIPRAZOLE KRK 15MG CPR 28,10861.39,655,16.582274809160303
3400930258538,ZONISAMIDE NEURAXPHARM 100 MG CPR 56,10874.35,766,14.196279373368146
3400933382544,ROWASA 250MG CPR 90,10908.039999999999,863,12.639675550405562
3400937783613,FLUCONAZOLE EG 50MG GELULE 7,10921.44,1535,7.114944625407166
3400926992576,ISENTRESS 100MG CPR 60,10931.76,72,151.83
3400930056561,ENALAPRIL/LER BCR 20MG/10MG CPR 90,10969.22,852,12.874671361502347
3400939715896,CLOPIDOGREL ALT 75MG CPR 30,10979.85,1492,7.359148793565684
3400927375491,"TELMISARTAN/HCTZ EG 80MG/12,5MG CPR 90",11026.18,1281,8.607478532396565
3400938924244,"LOSARTAN HCTZ EG 50/12,5MG CPR 90",11185.41,1335,8.378584269662921
3400932783168,"FRAXIPARINE 5700UI AXA/0,6ML SOL INJ 10",11187.5,137,81.66058394160584
3400930102053,QUETIAPINE CRT LP 400 MG CPR 60,11192.15,260,43.04673076923077
3400930185742,FILIOP 40MCG/5MG/ML COLLYRE 3,11193.74,627,17.852854864433812
3400949501472,NA,11219.58,60,186.993
3400922138466,ROPINIROLE ZEN LP 4MG CPR 28,11226.81,1002,11.20440119760479
3400928001306,METHYLPHENIDATE VIATRIS LP 18MG CPR 28,11280.5,1573,7.171328671328672
3400930119754,LOSARTAN CRP 100MG CPR 90,11328.699999999999,1352,8.379215976331361
3400939654072,GLIMEPIRIDE CRT 3 MG CPR 90,11342.37,850,13.343964705882353
3400932669684,VIROPHTA 1G/100ML PDR ET SOL OPH 1,11355.27,1422,7.98542194092827
3400949501229,ZARZIO 48 MUI SOL INJ SER ADP ABACUS 1,11449.380000000001,126,90.86809523809525
3400936109056,ZIAGEN 20MG/ML SOL BUV 1,11516.27,167,68.9597005988024
3400921811353,"LOSARTAN HCTZ KRK 100/12,5MG CPR 90",11578.789999999999,1384,8.36617774566474
3400930040171,PREGABALINE ACC 100 MG GELULE 84,11611.25,841,13.806480380499405
3400930036945,"REPAGLINIDE ARL 0,5MG CPR 270",11714.58,675,17.35493333333333
3400930154571,PRENOXAD 1.82 MG SOL INJ SER 1,11770.5,671,17.54172876304024
3400930166826,AMLODIPINE/VALSAT KRK 5MG/80MG CPR 90,11801.85,858,13.755069930069931
3400922100494,OLANZAPINE EVO 10MG CPR DISP 28,11807.93,1290,9.153434108527131
3400936664036,TAMOXIFENE ZYD 20MG CPR 30,11840.1,1834,6.455888767720829
3400930161463,PRASUGREL ZTL 10 MG CPR 30,11870.75,692,17.154263005780347
3400937916349,FENOFIBRATE CRSTP 300MG GELULE 90,11936.96,1476,8.087371273712737
3400939002767,ALVESCO 80 MICROGRAMMES/DOSE (CICLESONIDE) SOLUTIO,11939.8,667,17.900749625187405
3400930265123,CLOSALIS 50 MCG / 0.5 MG/G POM 60G 1,11948.43,1181,10.117214225232853
3400930102626,"LEVOD/C/E TVC 75/18,75/200MG CPR 100",11975.1,276,43.38804347826087
3400930252604,"ENBREL 25 MG, SOLUTION INJECTABLE EN 4",12020.3,50,240.40599999999998
3400930258590,ZONISAMIDE NEURAXPHARM 300 MG CPR 28,12028.51,592,20.318429054054054
3400930039106,LEVOD/C/E ARW 50/12.5/200MG CPR 100,12029.74,281,42.810462633451955
3400949911929,PERINDOPRIL ZYD 2MG CPR 90,12031.08,1373,8.762621995630008
3400930171622,DARUNAVIR ACC 600MG CPR 60,12033.41,47,256.03
3400941507366,MONTELUKAST ZYD 5MG CPR CROQ 28,12038.18,1917,6.279697443922796
3400930303566,NA,12245.61,57,214.83526315789476
3400949501533,ZARZIO 48 MUI SOL INJ SER ADP DIF 1,12266.65,135,90.86407407407407
3400930205884,FENTANYL SDZ 100MICROG CPR SUBLING 10,12337.35,1055,11.694170616113745
3400930053843,ROSUVASTATINE ACC 10MG CPR 90,12403.3,931,13.322556390977443
3400930201749,ENOXAPARINE ARROW 6000UI SER 2,12475.99,1574,7.926296060991105
3400934147364,LAMICTAL 200 MG CPR DISP 30,12518.619999999999,1138,11.000544815465728
3400930231135,"TIGREAT 2,5MG CPR 12",12548.28,1016,12.350669291338583
3400930166789,AMLODIPINE/VALSAT KRK 5MG/160MG CPR 90,12557.57,775,16.203316129032256
3400927916908,EZETIMIBE VTS 10MG CPR 90,12611.24,402,31.371243781094527
3400930117576,EFAVIR/EMTR/TENO SDZ 600/200/245 CPR 30,12619.6,60,210.32666666666668
3400926781668,VALSARTAN/HCTZ ARG 160/25MG CPR 90,12657.35,1477,8.569634394041977
3400930163344,ATAZANAVIR ARW 200MG GELULE 60,12657.380000000001,79,160.22
3400949250196,"FRAGMINE 10 000UI AXA/0,4ML SOL INJ 5",12694.05,451,28.146452328159643
3400930238943,EZETIMIBE ZEN 10MG CPR 90,12729.22,358,35.556480446927374
3400930208571,DEFERASIROX ZEN 90 MG CPR 30,12737.41,200,63.68705
3400930032343,PREGABALINE EVO 150 MG GELULE 56,12738.18,959,13.282773722627738
3400930275511,NA,12741.08,605,21.059636363636365
3400934333729,AZADOSE 600MG CPR 8,12855.65,278,46.243345323741
3400949004416,LIPOROSA 20 MG/10 MG GELULE AIP DFD 30,12895.22,803,16.058804483188045
3400949500994,"ENTECAVIR VTS 0,5 MG CPR ADP BBFARMA 30",13007.74,92,141.38847826086956
3400926779658,"VALSARTAN/HCTZ ARG 80/12,5MG CR 90",13008.26,1589,8.186444304594085
3400926780548,"VALSARTAN/HCTZ ARG 160/12,5MG CPR 90",13013.939999999999,1550,8.396090322580644
3400930268612,NA,13058.5,107,122.04205607476635
3400937937450,FLUCONAZOLE ZYD 200MG GELULE 7,13083.14,582,22.479621993127147
3400930299944,RITALINE HDK 30MG GELULE LP 30,13096.57,1574,8.32056543837357
3400930040133,PREGABALINE ACC 50 MG GELULE 84,13140.75,1429,9.195766270118964
3400930313497,NA,13147.369999999999,13,1011.3361538461538
3400939397528,CONEBILOX 5MG/25MG CPR 90,13256.869999999999,1333,9.945138784696173
3400930119150,LACOSAMIDE ACC 100MG CPR 56,13268.3,568,23.35968309859155
3400930244067,VILDAGLIPTINE TIEFENBACHER 50MG CPR 60,13409.94,1708,7.851252927400469
3400939450377,ELLAONE 30MG CPR 1,13444.5,1167,11.520565552699228
3400926991975,"CANDESARTAN/HCTZ ZYD 16/12,5 CPR 90",13454.06,1589,8.466998112020137
3400939105765,ABSTRAL 800MICROG CPR 30,13462.67,296,45.481993243243245
3400930316214,NA,13521.130000000001,18,751.173888888889
3400939343587,"PRAMIPEXOLE EG 0,7MG CPR 30",13568.5,839,16.172228843861742
3400930217078,FOSINOPRIL ARL 20MG CPR 90,13581.57,1599,8.493789868667918
3400949005598,SUVREZA 10MG/10MG CPR AIP DFD 30,13624.91,884,15.412794117647058
3400938649369,ACEBUTOLOL ALM 200MG CPR 90,13680.11,1480,9.243317567567567
3400934631436,REPAGLINIDE TVC 1 MG CPR 270,13720.98,786,17.456717557251906
3400930169780,APREPITANT 80MG ARW GELULE 2,13728.4,946,14.512050739957717
3400937810159,"LUCENTIS 2,3MG SOL INJ FL 1",13743.98,32,429.499375
3400937809269,BYETTA 5 MICROG SOL INJ 1,13747.56,180,76.37533333333333
3400936863057,GABAPENTINE ZYD 400MG GELULE 90,13756.67,736,18.691127717391304
3400939672861,OLANZAPINE SUN 10MG CPR DISP 28,13771.82,1533,8.983574690150032
3400930243916,"IZIXATE 7,5 MG/0,15ML SOL INJ STYLO 1",13849.6,1499,9.239226150767179
3400930161494,ATAZANAVIR VIATRIS 150MG GELULE 60,13921.98,83,167.73469879518072
3400930025536,EPLERENONE ZYD 25MG CPR 90,13964.349999999999,349,40.012464183381084
3400939652351,GLIMEPIRIDE CRT 2 MG CPR 90,14056.13,1325,10.6084
3400926990916,"CANDESARTAN/HCTZ ZYD 8/12,5 CPR 90",14072.529999999999,1683,8.361574569221627
3400939743462,"FRAGMINE 15 000UI AXA/0,6ML SOL INJ 5",14133.02,399,35.42110275689223
3400939104416,ABSTRAL 200 MICROG CPR 10,14176.900000000001,618,22.939967637540455
3400930004104,LEVETIRACETAM KRK 500 MG CPR 60,14189.12,698,20.328252148997137
3400939743523,"FRAGMINE 18 000UI AXA/0,72ML SOL INJ 5",14280.67,332,43.014066265060244
3400949001224,XEROQUEL LP 50MG CPR (AIP) (BBA) 30,14294.58,846,16.89666666666667
3400921957754,BICALUTAMIDE ZYD 50MG CPR 30,14301.22,383,37.339999999999996
3400937539937,"ZOLMITRIPTAN ZYF 2,5MG CPR 12",14315.65,1602,8.93611111111111
3400949501052,PREZISTA 800MG CPR BBFARMA 30,14379.89,52,276.5363461538461
3400930181003,LOSARTAN HCTZ CRP 100/25MG CPR 90,14393.46,1689,8.521882770870336
3400930028513,QUETIAPINE EG LP 300 MG CPR 60,14400.38,480,30.000791666666665
3400949279173,"REPAGLINIDE SDZ 0,5MG CPR 270",14430.58,826,17.47043583535109
3400934733604,FRAXODI 19 000UI AXA/1ML SOL INJ 10,14458.68,137,105.53781021897811
3400934659003,FLUCONAZOLE PFZ 200MG GELULE 7,14483.5,659,21.977996965098633
3400921968989,"BISOPROLOL HCTZ CRT 5/6,25MG CPR 90",14483.9,1622,8.929654747225648
3400930016732,OLANZAPINE BGA 5MG CPR 30,14514.39,823,17.635953827460508
3400922032337,GABAPENTINE SDZ 800MG CPR 90,14581.31,601,24.261747088186354
3400926632885,FORMODUAL NEXT 100/6 MCG/DOSE INH 1,14618.02,772,18.935259067357514
3400938866070,SIMVASTATINE AHL 20MG CPR 84,14628.41,1692,8.645632387706856
3400930098332,"ENOXAPARINE CRU 2000UI/0,2ML SER 6",14714.35,1429,10.296955913226032
3400937125284,ACEBUTOLOL ZYD 200MG CPR 90,14720.24,1564,9.411918158567774
3400921968521,"BISOPROLOL HCTZ CRT 10/6,25MG CPR 90",14736.1,1632,9.029473039215686
3400930276884,DESMOPRESSINE EG 60MCG CPR SUBLING 100,14745.28,704,20.945
3400936987746,AMINOMIX 500E SOL POUR PERF POC 1L 6,14855.740000000002,99,150.0579797979798
3400930252734,RISEDRONATE EVO 75MG CPR PEL 6,14880.31,714,20.840770308123247
3400930287606,NA,14919.07,1526,9.776585845347313
3400949501199,ZARZIO 48 MUI SOL INJ SER ADP PHARMA 5,14922.25,34,438.8897058823529
3400936077546,NEULASTA 6MG SOL INJ SER 1,14941.75,24,622.5729166666666
3400949912179,PERINDOPRIL ZYD 8MG CPR 90,14978.41,1691,8.857723240685985
3400949500970,PELMEG 6 MG SER SOL INJ (ADP)(BBF) 1,15027.98,36,417.44388888888886
3400930259122,CYAMEMAZINE ARROW 100MG CPR 25,15091.72,1772,8.516772009029346
3400922297125,"BISOPROLOL AHL 2,5MG CPR 90",15117.39,1441,10.49090215128383
3400930158760,EZETIMIBE/SIMVAST ZYD 10MG/40MG CPR 90,15134.75,406,37.277709359605915
3400930175002,"SUNITINIB EG 12,5 MG GELULE 28",15290.240000000002,32,477.82000000000005
3400927730023,GLICLAZIDE EGG LM 30 MG CPR 180,15303.16,722,21.195512465373962
3400930113738,"METHOTREXATE ACC 7,5 MG SOL INJ 1",15336.96,1623,9.449759704251386
3400931404866,PIPORTIL L4 100 MG SOL INJ 1,15365.76,1686,9.11373665480427
3400939499406,FLUVASTATINE VTS 20MG GELULE 90,15487.24,1585,9.771129337539431
3400934135019,QUINIMAX 500MG CPR 9,15541.19,624,24.905753205128207
3400949005611,SUVREZA 20MG/10MG CPR AIP DFD 30,15562.09,982,15.84734215885947
3400922258492,BUDESONIDE EVO 1MG/2ML SUSP INH 20,15602.949999999999,834,18.70857314148681
3400930050415,RASAGILINE ZYD 1MG CPR 30,15803.28,437,36.16311212814645
3400930039175,"LEVOD/C/E ARW 75/18,75/200MG CPR 100",15884.29,360,44.12302777777778
3400936093973,"BISOPROLOL HCTZ ARW 10/6,25MG CPR 90",15906.1,1743,9.125702811244981
3400927350368,HEXYON SUSP INJ SER 1,15946.94,725,21.99577931034483
3400927489846,ATOVAQ/PROGUAN ZEN 250/100MG CPR 12,15953.65,1109,14.385617673579802
3400930046517,QUETIAPINE ZEN LP 300 MG CPR 30,16058.81,985,16.30336040609137
3400930141724,AMGEVITA 40 MG SOL INJ SER 0.8ML 1,16170.340000000002,80,202.12925
3400930005293,"ALMOTRIPTAN ZYD 12,5MG CPR 12",16193.46,1800,8.996366666666667
3400931796435,ANCOTIL 500MG CPR 100,16208.45,502,32.28774900398407
3400930079034,EMTRICITABIN TENOF MYL 200/245MG CPR 30,16213.880000000001,104,155.90269230769232
3400930138601,"SUNITINIB TEVA 12,5 MG, GELULE 28",16245.88,34,477.82
3400936594906,NAVELBINE 30MG CAPSULE 1,16317.710000000001,448,36.42345982142857
3400927805455,LEVETIRACETAM CRT 1000MG CPR 60,16475.57,779,21.1496405648267
3400939333014,LOSARTAN EG 100MG CPR 90,16531.59,1893,8.733011093502377
3400938955231,FLUCONAZOLE EVO 100MG GELULE 7,16598.02,1400,11.855728571428571
3400930249512,NA,16599.6,477,34.8
3400922258324,"BUDESONIDE EVO 0,5MG/2ML SUSP INH 20",16627.39,1354,12.28019940915805
3400930040249,PREGABALINE ACC 300 MG GELULE 56,16737.45,1117,14.984288272157565
3400933940287,DIPENTUM 500MG CPR 60,16745.25,459,36.48202614379085
3400926635909,ATORVASTATINE HCS 40MG CPR 90,16808.1,1658,10.1375753920386
3400927815799,NA,16811.34,799,21.040475594493117
3400939743233,"FRAGMINE 12 500UI AXA/0,5ML SOL INJ 5",16870.59,508,33.20982283464567
3400949004409,LIPOROSA 10MG/10MG GELULE AIP (DFD) 90,16875.4,406,41.56502463054188
3400930003459,"LEVOD/C/E EG 175/43,75/200MG CPR 100",16987.32,354,47.986779661016946
3400938214994,BINOCRIT 2000UI SOL INJ SER 6,17012.61,334,50.93595808383234
3400930125984,"METHOTREXATE ACC 12,5 MG SOL INJ 1",17059.78,1705,10.00573607038123
3400936873971,REPEVAX SUSP INJ SER 2A 1,17083.37,1151,14.842198088618591
3400927856372,VALGANCICLOVIR TVS 450MG CPR 60,17083.68,30,569.456
3400935668196,KALETRA 80MG/20MG/ML SOL BUV FL 60ML 5,17137.18,41,417.98
3400930271032,NA,17213.35,71,242.44154929577462
3400930142288,AMGEVITA 20 MG SOL INJ SER 0.4ML 1,17220.6,156,110.38846153846153
3400930120804,CINACALCET EVO 90MG CPR 28,17249.31,87,198.26793103448279
3400922316895,"LATANOPROST/TIM EG CY 2,5ML 3",17367.46,1286,13.5050233281493
3400941823862,FENOFIBRATE ZYD 145MG CPR 90,17411.14,1599,10.888767979987492
3400930173886,ORENCIA 50 MG SOL INJ 4,17583.07,61,288.24704918032785
3400930298930,NA,17749.97,221,80.31660633484164
3400937302715,FEGENOR 140MG GELULE 90,17754.5,1764,10.064909297052154
3400930163405,ATAZANAVIR SDZ 200MG GELULE 60,17784.42,111,160.21999999999997
3400930203255,AMLODIPINE/VALSART ZYD 5MG/80MG CPR 90,17791.19,1315,13.529422053231938
3400930102688,"LEVOD/C/E TVC 175/43,75/200 MG CPR 100",17802.21,370,48.11408108108108
3400930158746,EZETIMIBE/SIMVAST ZYD 10MG/40MG CPR 30,17893,1303,13.732156561780506
3400930269404,RIVAROXABAN VTS 15 MG + 20 MG CPR 49,17909.77,683,26.22221083455344
3400930117583,EFAVIR/EMTR/TENO EG 600/200/245 CPR 30,18028,84,214.61904761904762
3400934039454,UMULINE PROFIL 30 300U INJ CART 5,18119.73,674,26.88387240356083
3400949501519,NIVESTIM 30 MUI SOL INJ (ADP ABACUS) 5,18121.93,65,278.7989230769231
3400930258569,ZONISAMIDE NEURAXPHARM 200 MG CPR 28,18155.829999999998,1275,14.239866666666666
3400926803124,LEVETIRACETAM ARW SOL BUV150ML+S3ML 1,18300.5,1142,16.024956217162874
3400930064504,QUETIAPINE AHL LP 400 MG CPR 30,18412.72,833,22.104105642256904
3400949246175,"PRAMIPEXOLE TVC 0,7MG CPR 100",18414.11,335,54.96749253731343
3400949501236,ZARZIO 48 MUI SOL INJ SER ADP ABACUS 5,18534.870000000003,41,452.07000000000005
3400949004669,LIPOROSA 20 MG/10 MG GELULE 30,18673.04,1203,15.522061512884456
3400930085332,LAMIVUDINE ARW 150MG CPR 60,18696.33,293,63.81000000000001
3400949005444,TWICOR 20MG/10MG CPR AIP BBF 30,18844.32,1197,15.742957393483708
3400930034040,ARIPIPRAZOLE KRKA 5MG CPR 28,18844.989999999998,1247,15.112261427425821
3400937455510,PRAVASTATINE ZYD 40MG CPR 84,18851.88,1932,9.757701863354038
3400934944512,HUMALOG MIX 25 300UI SUSP INJ CART 5,18888.35,716,26.380377094972065
3400930261156,GABAPENTINE ZYDUS FRANCE 800 MG CPR 90,18918.86,795,23.79730817610063
3400930028391,QUETIAPINE SDZ LP 300MG CPR 60,18954.329999999998,649,29.20543913713405
3400930086483,EPLERENONE ACC 25MG CPR 30,19127.16,1351,14.157779422649888
3400938499544,NA,19145.14,380,50.38194736842105
3400930028537,QUETIAPINE EG LP 400 MG CPR 60,19148.8,431,44.42877030162413
3400949005628,SUVREZA 20MG/10MG CPR AIP DFD 90,19234.989999999998,446,43.12778026905829
3400930111482,ROSUVASTATINE KRK 10MG CPR 90,19261.329999999998,1447,13.31121630960608
3400938652840,MATRIFEN 100MICROG/H DISP TRANSDER 5,19305.07,926,20.84780777537797
3400933582166,"INNOHEP 3 500UI AXA/0,35ML SOL INJ 6",19449.35,1286,15.123911353032659
3400930275535,NA,19517.64,498,39.19204819277108
3400933898663,LAMICTAL 100 MG CPR DISP 30,19628.76,1872,10.485448717948717
3400930219850,XARELTO 1 MG/ML GLES SUSP BUV 100ML 1,19639.56,1698,11.566289752650178
3400930046531,QUETIAPINE ZEN LP 300 MG CPR 60,19656.72,664,29.603493975903618
3400937545730,"OLANZAPINE ZYD 7,5MG CPR 28",19659.97,1839,10.69057640021751
3400930240960,"ENOXAPARINE TVC 2000UI/0,2ML INJ SER 6",19714.41,1848,10.667970779220779
3400930131633,PREGABALINE ZYD 200 MG GELULE 84,19839.989999999998,968,20.495857438016525
3400938423082,VALACICLOVIR ALT 500MG CPR 42,19908.5,798,24.94799498746867
3400949500581,ZARZIO 30 MUI SOL INJ SER BBFARMA 1,20033.71,360,55.64919444444444
3400939671741,OLANZAPINE SUN 5MG CPR DISP 28,20059.01,1288,15.573765527950309
3400930199671,ENOXAPARINE ARROW 2000UI/0.2ML SER 6,20075.32,1886,10.64439024390244
3400949002757,XEROQUEL LP 300MG CPR (AIP BBF) 30,20112.02,616,32.649383116883115
3400938487657,"HYCAMTIN 0,25MG GELULE 10",20128.22,98,205.39000000000001
3400949005352,TWICOR 10MG/10MG CPR AIP (BBF)) 30,20137.29,1347,14.949732739420936
3400930127551,DARUNAVIR SDZ 400MG CPR 60,20190.239999999998,126,160.23999999999998
3400930232187,DEFERASIROX ARW 180 MG CPR 30,20303.64,154,131.84181818181818
3400930167090,GEFITINIB ZEN 250MG CPR 30,20305.35,24,846.05625
3400933411213,ZOVIRAX 800MG CPR 35,20361.7,889,22.904049493813275
3400949000074,COVERAM 10MG/5MG CPR (AIP)(MWI)(PL) 90,20383.88,1024,19.9061328125
3400930111871,ERLOTINIB EG 150MG CPR 30,20400.480000000003,24,850.0200000000001
3400930214985,NA,20400.55,158,129.11740506329113
3400934217074,"INNOHEP 4 500UI AXA/0,45ML SOL INJ 6",20503.53,1060,19.34295283018868
3400938548433,TERBINAFINE BAILLEUL 250MG CPR 28,20538.22,1816,11.309592511013216
3400927802492,LEVETIRACETAM CRT 250MG CPR 60,20563.12,1480,13.894
3400949005604,SUVREZA 10MG/10MG CPR AIP DFD 90,20568.36,485,42.408989690721654
3400935002815,"NEORECORMON 2000UI/0,3ML SOL INJ SER 6",20656.5,387,53.37596899224806
3400930289372,NA,20664.07,1613,12.810954742715436
3400930250037,LACOSAMIDE ZYD 100 MG CPR 56,20733.61,881,23.53417707150965
3400930242575,NA,20780.12,23,903.4834782608696
3400936988286,AMINOMIX 800E SOL INJ POC 2L 4,20897.86,154,135.7003896103896
3400930180525,OCTREOTIDE TVC LP 10 MG INJ SER 1,20997.05,56,374.9473214285714
3400930284773,NA,21012.13,1467,14.323197000681663
3400930089989,PREGABALINE ZYD 300 MG GELULE 56,21051.59,1343,15.675048399106478
3400930144640,ROSUVASTATINE ZDF 20MG CPR 90,21128.65,1490,14.18030201342282
3400922139128,ROPINIROLE ZEN LP 8MG CPR 28,21167.93,927,22.83487594390507
3400933523664,UMULINE RAPIDE 1000UI/10ML S INJ FL 1,21230.87,1356,15.65698377581121
3400930039434,"LEVOD/C/E ARW 175/43,75/200 MG CPR 100",21290.7,440,48.38795454545455
3400930171660,DARUNAVIR ACC 800MG CPR 30,21311.920000000002,140,152.228
3400933972394,INNOHEP 10 000UI ANTI XA SOL INJ 2,21485.12,1247,17.22944667201283
3400927479441,VORICONAZOLE SDZ 50MG CPR 56,21498.97,94,228.71244680851066
3400930272534,NA,21576.72,1581,13.647514231499052
3400949005505,ARIMIDEX 1MG CPR (AIP) (DFR) 90,21636.1,296,73.09493243243243
3400930063712,ATENOLOL /NIFEDIPINE VTS GELULE 90,21701.649999999998,1479,14.673191345503717
3400949004676,LIPOROSA 20 MG/10 MG GELULE 90,21748.12,507,42.895700197238654
3400930218020,"RISPERIDONE TVC LP 37,5 MG/2 ML INJ 1",21805.2,489,44.591411042944785
3400922473192,ATOVAQ/PROGUAN EG 250/100MG CPR 12,21822.44,1886,11.570752916224814
3400930276914,DESMOPRESSINE EG 120MCG CPR SUBLING 100,21980.97,629,34.94589825119237
3400930289419,NA,21997.71,1714,12.834136522753791
3400949005666,NA,22063.19,30,735.4396666666667
3400930042601,ATAZANAVIR TVC 200MG GELULE 60,22270.58,146,152.53821917808222
3400930123102,ABACAVIR/LAM/ZID VTS CPR 60,22338.3,95,235.14
3400937166508,NOVONORM 1 MG CPR 270,22341.14,1189,18.78985702270816
3400930264201,METHYLPHENIDATE EG LP 54 MG CPR 28,22363.92,1668,13.407625899280575
3400930142684,PERINDOPRIL AMLO HCS 4/5MG CPR 90,22427.1,1568,14.30299744897959
3400937575317,"ENANTONE LP 11,25 MG PDR INJ + NEC 1",22615.03,102,221.71598039215687
3400939835983,DEPRENYL 5MG CPR 30,22641.53,1682,13.461076099881094
3400949004591,LIPOROSA 10MG/10MG GELULE AIP BBF 30,22783.239999999998,1508,15.108249336870026
3400936690868,"ELIGARD 7,5MG PDR ET SOL INJ 1",23117.3,230,100.50999999999999
3400930046579,QUETIAPINE ZEN LP 400 MG CPR 60,23243.61,514,45.22103112840467
3400930204818,CINACALCET ACP 30MG CPR 28,23277.16,338,68.8673372781065
3400930135075,IVABRADINE ZYD 5 MG CPR 56,23307.95,1657,14.06635485817743
3400930112953,ROSUVASTATINE EVO 20MG CPR 90,23437.27,1633,14.352278015921616
3400930166307,EZETIMIBE/SIMVAST KRK 10MG/40MG CPR 90,23455.67,640,36.649484375
3400930156483,EPLERENONE KRK 25MG CPR 90,23609.06,598,39.48003344481606
3400930142264,ERLOTINIB SDZ 100MG CPR 30,23619.8,34,694.6999999999999
3400930239971,QUETIAPINE MEDIPHA LP 300MG CPR 30,23898.73,1579,15.135357821405952
3400939318516,BICALUTAMIDE EVO 50MG CPR 30,23934.94,641,37.339999999999996
3400930142257,ERLOTINIB SDZ 25MG CPR 30,23943.18,123,194.66
3400930251560,RISEDRONATE EVO 35MG CPR PEL 12,23956.94,1177,20.354239592183518
3400949005239,"DECAPEPTYL LP 22,5 MG, POUDRE ET SOL 1",24030.440000000002,44,546.1463636363637
3400930264355,EMYLIF 50 MG FILM ORODISPERSIBLE 56,24034.839999999997,179,134.27284916201114
3400930266755,IMATINIB ACC 400 MG CPR 30,24138.7,37,652.3972972972973
3400930232163,DEFERASIROX ARW 90 MG CPR 30,24162.100000000002,367,65.83678474114441
3400930028490,QUETIAPINE EG LP 300 MG CPR 30,24518.44,1616,15.17230198019802
3400941627682,EXEMESTANE ZYF 25MG CPR 30,24572.5,618,39.76132686084142
3400926983871,CAPECITABINE ZEN 150 MG CPR 60,24680.4,1127,21.899201419698315
3400930155097,"HYRIMOZ 40 MG, SOL INJ STYLO 2",24747.95,60,412.46583333333336
3400930044544,VORICONAZOLE ACC 200MG CPR 28,24777.62,62,399.6390322580645
3400930141687,EZETIMIBE/SIMVAST ALM 10MG/40MG CPR 30,24782.26,1790,13.844837988826814
3400930272954,NA,24798.440000000002,41,604.84
3400930028414,QUETIAPINE SDZ LP 400 MG CPR 60,24964.02,576,43.3403125
3400930240892,PALIPERIDONE BGA 25 MG SUSP INJ SRG 1,24977.989999999998,730,34.21642465753424
3400922368993,OXCARBAZEPINE SDZ 600MG CPR 50,25065.44,1458,17.191659807956103
3400930166284,EZETIMIBE/SIMVAST KRK 10MG/20MG CPR 90,25182.2,722,34.878393351800554
3400930126929,GLATIRAMER VIATRIS 40 MG SOL INJ SER 12,25336.27,52,487.23596153846154
3400930111888,ERLOTINIB EG 100MG CPR 30,25376,36,704.8888888888889
3400930282809,NA,25430.079999999998,1403,18.12550249465431
3400930076545,PERINUTRIFLEX OMEGA E PERF 1250ML 5,25483.61,191,133.42204188481676
3400930101995,QUETIAPINE CRT LP 300 MG CPR 60,25576.96,896,28.545714285714286
3400930129197,ARIPIPRAZOLE EVO 5 MG CPR 28,25618.71,1700,15.069829411764706
3400927816222,NA,25665.84,934,27.47948608137045
3400930304112,NA,25857.32,303,85.3376897689769
3400937774796,PERIKABIVEN EMULSION INJ PCE 1920ML 4,25940.72,217,119.54248847926267
3400949004393,LIPOROSA 10MG/10MG GELULE AIP (DFD) 30,26062.53,1659,15.709783001808317
3400938651720,MATRIFEN 50MICROG/H DISP TRANSDER 5,26142.05,1633,16.0086037966932
3400930174241,"SUNITINIB SDZ 12,5 MG GELULE 28",26280.1,55,477.82
3400930164648,DARUNAVIR KRK 800MG CPR 30,26439.600000000002,168,157.37857142857143
3400936466883,"EPREX 3 000 UI/0,3ML SOL INJ SER 6",26529.27,342,77.5709649122807
3400937733755,GLICLAZIDE VIATRIS 80MG CPR 180,26729.96,1232,21.696396103896102
3400949001972,AROMASINE 25MG CPR (AIP) (BBF)1 30,26731.31,681,39.253024963289285
3400930144244,PRASUGREL CRT 10 MG CPR 30,26732.86,1575,16.973244444444443
3400949005178,TWICOR 10MG/10MG CPR AIP (DFD)) 30,26832.26,1751,15.323963449457452
3400930028407,QUETIAPINE SDZ LP 400 MG CPR 30,26948.45,1220,22.08889344262295
3400930222539,"SUNITINIB ZENTIVA 12,5 MG, GELULE 28",26995.4,55,490.8254545454546
