sexe,nb_medicaments,remboursement_total,base_remboursement_totale,boites_delivrees,part_remboursement,part_boites
MASCULIN,11745,13583315525.81,15262808056.24,1012517067,52.17958499026205,42.75897417856187
FEMININ,11979,12395993652.9,14402468454.74,1355067522,47.61855109094754,57.22500792513142
Inconnu,3291,52548928.910000004,54393973.73,379298,0.20186391879040694,0.01601789630671002
