top_10,top_20,top_50,top_100
14.69957537581213,22.248829605913375,33.19343590023654,44.401803587955754
