sexe,nb_medicaments,remboursement_total,base_remboursement_totale,boites_delivrees,part_remboursement,part_boites
MASCULIN,11828,11611595025.65,13132608561.08,1006510488,51.19222518189264,42.51341617353702
FEMININ,12013,11035614554.71,12914227776.44,1360587303,48.65289084379359,57.46906261037322
Inconnu,3274,35131311.04,36147825.04,414817,0.15488397431378004,0.017521216089760313
