tranche_age,nb_medicaments,remboursement_total,base_remboursement_totale,boites_delivrees,part_remboursement,part_boites
60 ANS ET +,12025,15164315801.39,16764789539.95,1327782478,58.252913559601524,56.07275031893254
20 - 59 ANS,11841,8956058744.52,10452097379.32,856498098,34.40422388403538,36.17023480392292
0-19 ANS,7061,1881242449.87,2470859459.17,182714981,7.2266929317632,7.716121939320775
Inconnu,3877,30241111.84,31924106.27,968330,0.11616962459989699,0.04089293782375998
